,sequence,sequence,sequence,sequence,sequence,sequence,sequence,sequence,sequence,sequence,,mfe,mfe,mfe,mfe,mfe,mfe,mfe,mfe,mfe,mfe,,edesired_minus_mfe,edesired_minus_mfe,edesired_minus_mfe,edesired_minus_mfe,edesired_minus_mfe,edesired_minus_mfe,edesired_minus_mfe,edesired_minus_mfe,edesired_minus_mfe,edesired_minus_mfe,,subopt_e,subopt_e,subopt_e,subopt_e,subopt_e,subopt_e,subopt_e,subopt_e,subopt_e,subopt_e,,esubopt_minus_mfe,esubopt_minus_mfe,esubopt_minus_mfe,esubopt_minus_mfe,esubopt_minus_mfe,esubopt_minus_mfe,esubopt_minus_mfe,esubopt_minus_mfe,esubopt_minus_mfe,esubopt_minus_mfe,,precision,precision,precision,precision,precision,precision,precision,precision,precision,precision,,recall,recall,recall,recall,recall,recall,recall,recall,recall,recall,,mcc,mcc,mcc,mcc,mcc,mcc,mcc,mcc,mcc,mcc,,sln_mfe,sln_mfe,sln_mfe,sln_mfe,sln_mfe,sln_mfe,sln_mfe,sln_mfe,sln_mfe,sln_mfe,,temp_shelf,temp_shelf,temp_shelf,temp_shelf,temp_shelf,temp_shelf,temp_shelf,temp_shelf,temp_shelf,temp_shelf,,scoring_function,scoring_function,scoring_function,scoring_function,scoring_function,scoring_function,scoring_function,scoring_function,scoring_function,scoring_function,
,replica1,replica2,replica3,replica4,replica5,replica6,replica7,replica8,replica9,replica10,,replica1,replica2,replica3,replica4,replica5,replica6,replica7,replica8,replica9,replica10,,replica1,replica2,replica3,replica4,replica5,replica6,replica7,replica8,replica9,replica10,,replica1,replica2,replica3,replica4,replica5,replica6,replica7,replica8,replica9,replica10,,replica1,replica2,replica3,replica4,replica5,replica6,replica7,replica8,replica9,replica10,,replica1,replica2,replica3,replica4,replica5,replica6,replica7,replica8,replica9,replica10,,replica1,replica2,replica3,replica4,replica5,replica6,replica7,replica8,replica9,replica10,,replica1,replica2,replica3,replica4,replica5,replica6,replica7,replica8,replica9,replica10,,replica1,replica2,replica3,replica4,replica5,replica6,replica7,replica8,replica9,replica10,,replica1,replica2,replica3,replica4,replica5,replica6,replica7,replica8,replica9,replica10,,replica1,replica2,replica3,replica4,replica5,replica6,replica7,replica8,replica9,replica10,
0,CGCGGGAGGGGGCCGGAAACGGCCACCACACCCGCG,CGCGGGAGGGGGCCGGAAACGGCCACCACACCCGCG,CGCGGGAGGGGGCCGGAAACGGCCACCACACCCGCG,CGCGGGAGGGGGCCGGAAACGGCCACCACACCCGCG,CGCGGGAGGGGGCCGGAAACGGCCACCACACCCGCG,CGCGGGAGGGGGCCGGAAACGGCCACCACACCCGCG,CGCGGGAGGGGGCCGGAAACGGCCACCACACCCGCG,CGCGGGAGGGGGCCGGAAACGGCCACCACACCCGCG,CGCGGGAGGGGGCCGGAAACGGCCACCACACCCGCG,CGCGGGAGGGGGCCGGAAACGGCCACCACACCCGCG,,-29.483186721801758,-29.483186721801758,-29.483186721801758,-29.483186721801758,-29.483186721801758,-29.483186721801758,-29.483186721801758,-29.483186721801758,-29.483186721801758,-29.483186721801758,,0.5831871032714844,0.5831871032714844,0.5831871032714844,0.5831871032714844,0.5831871032714844,0.5831871032714844,0.5831871032714844,0.5831871032714844,0.5831871032714844,0.5831871032714844,,0,0,0,0,0,0,0,0,0,0,,0,0,0,0,0,0,0,0,0,0,,0.0,0.0,0.0,0.0,0.0,0.0,0.0,0.0,0.0,0.0,,0.0,0.0,0.0,0.0,0.0,0.0,0.0,0.0,0.0,0.0,,0.0,0.0,0.0,0.0,0.0,0.0,0.0,0.0,0.0,0.0,,0,0,0,0,0,0,0,0,0,0,,10.0,25.556,41.111,56.667,72.222,87.778,103.333,118.889,134.444,150.0,,0.5831871032714844,0.5831871032714844,0.5831871032714844,0.5831871032714844,0.5831871032714844,0.5831871032714844,0.5831871032714844,0.5831871032714844,0.5831871032714844,0.5831871032714844,
100,GGUGGAACCAGGCAGGAAACUGCCAUGAGAUCUACC,GUUGGGCGCGAUACCUCAAGGUAUACGACACCUAGC,AUAUUUAGCAGGCCGUAUGCGGCUAUGACAAAGUGU,GCAUAAACCGACGUUGAUCGGCGUGCGAGAUUAUGC,GAGAAGACCCCUCUGGUCACAGGGUGGAGCCUUCUC,GGGCGUAGGAAGGUCGAUAGGCCUAUCGCAGCGUCC,GUCAUAAGCGGGGCGCAAACGCUCACGACAUGUGAC,CGAUUCAGCGUUGGGGACACUCGAUCGACCGAAUCG,GUGAGUCGAGGGGUCCGAUGAUCCGCUACCAUUUAC,GCUAGGAGUCAGCUCGGGAGAGCUAGAUCGCCUAGC,,-20.58953285217285,-14.647629737854004,-10.713017463684082,-11.664779663085938,-16.53342056274414,-16.62854766845703,-14.806916236877441,-12.898165702819824,-9.928771018981934,-20.344728469848633,,0.08953285217285156,0.1476297378540039,0.713017463684082,0.26478004455566406,0.1334209442138672,0.5285472869873047,0.40691661834716797,0.5981655120849609,0.5287714004516602,0.8447284698486328,,0,0,0,0,0,0,0,0,0,0,,0,0,0,0,0,0,0,0,0,0,,0.0,0.0,0.0,0.0,0.0,0.0,0.0,0.0,0.0,0.03700000000000003,,0.0,0.0,0.0,0.0,0.0,0.0,0.0,0.0,0.0,0.07099999999999995,,0.0,0.0,0.0,0.0,0.0,0.0,0.0,0.0,0.0,0.22799999999999998,,0,0,0,0,0,0,0,0,0,0,,10.0,25.556,56.667,41.111,87.778,72.222,103.333,118.889,150.0,134.444,,0.08953285217285156,0.1476297378540039,0.713017463684082,0.26478004455566406,0.1334209442138672,0.5285472869873047,0.40691661834716797,0.5981655120849609,0.5287714004516602,0.8447284698486328,
200,GGCGGCACCGGUCCAGCGCUGGGCACGUGAGCUGCC,GGGUGGCGCCCUAAGUUGGCUUAGUGGACUCCGCCC,CUGGGUAGCUUCCGCCGUGGUGGAUAGACAACUCAG,GAACAAACCGAGAUCAAUUGAUCUGCGUGCUUGUUC,GGUUAUUCACUGUUAAUGAUAACACGUAGCAUAACC,GGGCCAACCGAGGCGACCACGCCUGCGCGCUGGUCC,ACGAAGCGGGCCUACUCGUGUGGGACCACACUUUGU,GGCUGUCGCCCUAAGCACUCUUAGUGGACAACAGUC,GGGCGUACCGCUGAGCGAACUCAGUCGAGAGCGCCC,CGCUGGAGACGUAAUCCUCGUUGCUGUUCGCCGGCG,,-19.755945205688477,-19.36951446533203,-14.971333503723145,-12.24500560760498,-8.100301742553711,-18.95861053466797,-15.528562545776367,-13.417590141296387,-19.823881149291992,-13.771060943603516,,0.15594482421875,0.16951370239257812,0.37133312225341797,0.1450052261352539,0.4003019332885742,0.15861129760742188,0.32856273651123047,0.4175901412963867,0.3238811492919922,1.3710613250732422,,0,0,0,0,0,0,0,0,0,0,,0,0,0,0,0,0,0,0,0,0,,0.0,0.0,0.0,0.0,0.0,0.0,0.0,0.0,0.0,0.03700000000000003,,0.0,0.0,0.0,0.0,0.0,0.0,0.0,0.0,0.0,0.07099999999999995,,0.0,0.0,0.0,0.0,0.0,0.0,0.0,0.0,0.0,0.22799999999999998,,0,0,0,0,0,0,0,0,0,0,,10.0,41.111,72.222,25.556,103.333,56.667,87.778,134.444,150.0,118.889,,0.15594482421875,0.16951370239257812,0.37133312225341797,0.1450052261352539,0.4003019332885742,0.15861129760742188,0.32856273651123047,0.4175901412963867,0.3238811492919922,1.3710613250732422,
300,CUAGACACCGGGGAGGGCACUCCCGCGCGAGUUUAG,GUGCUGCGCAUUAAGUAAGCUUAGCUGACACGGCAC,UUAAUGACCUGGCGUAAUUAUGUCGAGAGCCGUUGA,GACCACACCGACCACUCUUGUGGUGCGCGAGUGGUC,AACUCUUCACAAAUGUGAACAUUUCGUAGCAGAGUU,GCGUUCUCCGAGUUGGAGUCGACUGCGAGCGAAUGC,GUCAUGCGGGGCAUCGCGUGGUGCAUCACACGUGAC,GGACUGAGCUUUAGCGCCUGCUAAUAGACACAGUUC,GCGCGGACACUUGUCUUUCGACAACGUAGAUCGCGU,GUAGCUGCAGGGUAAGUCAUUACUGCUAGGGGCUGC,,-16.51845932006836,-12.546841621398926,-7.482901096343994,-18.594913482666016,-10.199470520019531,-12.764966011047363,-13.87839412689209,-11.224081039428711,-13.406004905700684,-12.531728744506836,,0.11845970153808594,0.14684200286865234,0.7829012870788574,0.09491348266601562,0.49947071075439453,0.16496562957763672,0.7783937454223633,0.42408084869384766,0.6060047149658203,0.3317289352416992,,0,0,0,0,0,0,0,0,0,0,,0,0,0,0,0,0,0,0,0,0,,0.0,0.0,0.0,0.0,0.0,0.0,0.0,0.0,0.0,0.0,,0.0,0.0,0.0,0.0,0.0,0.0,0.0,0.0,0.0,0.0,,0.0,0.0,0.0,0.0,0.0,0.0,0.0,0.0,0.0,0.0,,0,0,0,0,0,0,0,0,0,0,,25.556,56.667,87.778,10.0,118.889,41.111,72.222,150.0,134.444,103.333,,0.11845970153808594,0.14684200286865234,0.7829012870788574,0.09491348266601562,0.49947071075439453,0.16496562957763672,0.7783937454223633,0.42408084869384766,0.6060047149658203,0.3317289352416992,
400,GGAGGAACCGUUCAGACACCUGAGUCGUGAUCUUCC,GGGCUCCGGCUGAAGUUCGCUUUGUGCUCUGAGCCC,GUUCUUUCCGGGUCUUGAUGGAUCGUGCGCAGGGAC,GGUGACACCGACGGCUACUGCCGUACGUGCGUCACC,CUCUGGCGGCUAUUCCUACGAAUAUGCUCACCAGGG,GGUCCGUCCGAGUAGCCUACUACUGCGUGUCGGACC,GUGAUGCGCCGCACGUCCACGUGCAGGACCCGUCAC,UGAUGGCGUCUUUGGCGCGCCAGAUGAACACCAUCA,GGGCAUACCAUGUACAGAUGUAUACUGAGAGUGCUC,AUAACUGCCGAGUCAGAGAUGACUGCGUGGAGUUAU,,-13.54482650756836,-16.45645523071289,-8.933003425598145,-20.843524932861328,-13.970647811889648,-18.091156005859375,-17.26891326904297,-15.196416854858398,-10.685399055480957,-13.380969047546387,,0.14482688903808594,0.5564556121826172,0.5330038070678711,0.04352569580078125,0.2706480026245117,0.091156005859375,0.3689136505126953,1.0964164733886719,0.2853994369506836,0.4809694290161133,,0,0,0,0,0,0,0,0,0,0,,0,0,0,0,0,0,0,0,0,0,,0.0,0.0,0.0,0.0,0.0,0.0,0.0,0.040000000000000036,0.0,0.0,,0.0,0.0,0.0,0.0,0.0,0.0,0.0,0.14300000000000002,0.0,0.0,,0.0,0.0,0.0,0.0,0.0,0.0,0.0,0.33899999999999997,0.0,0.0,,0,0,0,0,0,0,0,0,0,0,,41.111,72.222,103.333,10.0,134.444,25.556,56.667,150.0,118.889,87.778,,0.14482688903808594,0.5564556121826172,0.5330038070678711,0.04352569580078125,0.2706480026245117,0.091156005859375,0.3689136505126953,1.0964164733886719,0.2853994369506836,0.4809694290161133,
500,GCAGGACCCGAGCAGAUUCCUGCUGCGCGAUCUUGC,GUUGGCCGAGUCAUGCCAUCAUGGUCUACUGCUAGC,UCCUGCUCCUAUCCCUACGGGGGUUAGCGCGCGGGA,GAACACACCGACGGCCAUGGCCGUACGUGCGUGUUC,CAGCAUCGACGUCUGAGCCCAGACUGUGCAAUGCUG,GCUCCCUCCGAGGAGGAUACUCCUGCGAGUGGGAGC,CUCAAGCGGCCCCACCCAUGUGGGAGCGCACUUGAG,CUUCAUCGGCCAAGGAACCCUUUGUGUUCUAUGAAG,GCUGAGACCGGGUUGACCUCAAUCGCGAGAUUCAGU,GGCACGGCGUCCUGCCAUAGCAGGUACGGGCGUGUU,,-15.928369522094727,-10.927591323852539,-20.079824447631836,-19.344335556030273,-14.127601623535156,-22.088287353515625,-18.64842414855957,-9.876364707946777,-12.184531211853027,-17.74782943725586,,0.328369140625,0.6275911331176758,0.6798248291015625,0.04433631896972656,0.32760143280029297,0.088287353515625,0.1484241485595703,1.076364517211914,0.2845315933227539,0.7478294372558594,,0,0,0,0,0,0,0,0,0,0,,0,0,0,0,0,0,0,0,0,0,,0.0,0.0,0.03700000000000003,0.0,0.0,0.0,0.0,0.03700000000000003,0.0,0.0,,0.0,0.0,0.07099999999999995,0.0,0.0,0.0,0.0,0.07099999999999995,0.0,0.07099999999999995,,0.0,0.0,0.22799999999999998,0.0,0.0,0.0,0.0,0.22799999999999998,0.0,0.138,,0,0,0,0,0,0,0,0,0,0,,56.667,87.778,118.889,10.0,150.0,25.556,41.111,134.444,103.333,72.222,,0.328369140625,0.6275911331176758,0.6798248291015625,0.04433631896972656,0.32760143280029297,0.088287353515625,0.1484241485595703,1.076364517211914,0.2845315933227539,0.7478294372558594,
600,GGCGGCACCGAGUAGACACCUAUUACGUGAGCUGCU,GUUCAACACGACGCCACACGGCGUUCGCUUUUGAGC,GUCUUAUCCUUGUCGUGCGCGGCACAGCGCUAAGAU,GCAGCCUCCGACCGCUAUUGUGGUACGUGUGGCUGC,AAUCUUCGAUAUCUGCUACCAGGUCAUGCCAAGAUU,GGUCCAUCCGAGUAGAAGACUACUGCGAGCUGGACC,GGGAUACGACGGCUCCCGGGGGCCUGUGCCUGUCCC,CUUUGUAGCGUAGAUGUUUGUCUAUCGGCAGCAAGG,GGAACGACCACGGUCAUCAGACUGCUGCGCCGUUCU,GUGACUGGACAGUCUCUAAGGACUCGUGCGGGUUAU,,-13.661555290222168,-14.622089385986328,-10.772587776184082,-20.992162704467773,-6.358754634857178,-16.06147575378418,-17.602293014526367,-11.353446960449219,-13.45199966430664,-11.938158988952637,,0.3615550994873047,1.2220897674560547,0.47258758544921875,0.0921630859375,1.158754825592041,0.16147613525390625,0.3022937774658203,1.5534467697143555,0.35199928283691406,0.9381589889526367,,0,0,0,0,0,0,0,0,0,0,,0,0,0,0,0,0,0,0,0,0,,0.0,0.040000000000000036,0.0,0.0,0.0,0.0,0.0,0.07699999999999996,0.0,0.0,,0.0,0.14300000000000002,0.0,0.0,0.14300000000000002,0.0,0.0,0.14300000000000002,0.0,0.0,,0.0,0.33899999999999997,0.0,0.0,0.244,0.0,0.0,0.43600000000000005,0.0,0.0,,0,0,0,0,0,0,0,0,0,0,,56.667,103.333,118.889,10.0,150.0,41.111,25.556,134.444,87.778,72.222,,0.3615550994873047,1.2220897674560547,0.47258758544921875,0.0921630859375,1.158754825592041,0.16147613525390625,0.3022937774658203,1.5534467697143555,0.35199928283691406,0.9381589889526367,
700,CUAGGAACCGAGUUCACCAGGACUGCGUGAUCUUAG,GAUCGGCUUGCGGGGGGCUCCCCGACACAUCCGAUC,GUUGGCUCGUUGUCGGGUCCGGCAUACAGCGCCAAU,GGUCUCUCCGAGCGCUAUGGCGCUACGCGUGAGACC,AACCAUUGACGUAUCAUGCGAUGCCGUUCCAUGGUU,GGGCGCUCCGGGUACAAUCGUACCGCGCGUGUGUCC,GUGCUGAGACUAAUGCCAGCGUUAUGUGCACGGCAC,CGGCCGCGCUUGCCUAAGGAGGCAGAGACUUGGCUG,GUGACGACACGGUUUAGCAAAAUCAGUAGCCGUCAC,AGACAGAGACCUCCGCUAAUGGGGUGUGCGCUGUCU,,-11.129578590393066,-18.533727645874023,-15.229095458984375,-20.799434661865234,-11.857349395751953,-17.90960693359375,-11.911319732666016,-16.37797737121582,-9.99858570098877,-14.645923614501953,,0.22957897186279297,1.3337268829345703,0.9290952682495117,0.09943389892578125,1.5573492050170898,0.10960769653320312,0.2113199234008789,1.1779775619506836,0.39858531951904297,1.0459232330322266,,0,0,0,0,0,0,0,0,0,0,,0,0,0,0,0,0,0,0,0,0,,0.0,0.0,0.0,0.0,0.07699999999999996,0.0,0.0,0.0,0.0,0.0,,0.0,0.07099999999999995,0.14300000000000002,0.0,0.14300000000000002,0.0,0.0,0.0,0.0,0.0,,0.0,0.138,0.244,0.0,0.43600000000000005,0.0,0.0,0.0,0.0,0.0,,0,0,0,0,0,0,0,0,0,0,,41.111,118.889,103.333,10.0,134.444,56.667,25.556,150.0,72.222,87.778,,0.22957897186279297,1.3337268829345703,0.9290952682495117,0.09943389892578125,1.5573492050170898,0.10960769653320312,0.2113199234008789,1.1779775619506836,0.39858531951904297,1.0459232330322266,
800,GGUGGCACCGAGUAAGCUAUUAUUGCGUGAGCUACC,GUCUCCUCCAAAGCUUGGUGGCUUAUGCGCGGGGGC,AUCUAGUCAGCGGCGUAUGCGUCGUCUAGCCUGGGU,GGGUUGUCCGAGGGGGGGACCCCUACGCGUCAGCCC,CUCGUGCGACCAUUCUGUCGAAUGUGUACCCACGGG,GGCGCCUCCAGGAACAAGCGUUCCGUGUGCGGUGCC,GGAACAAGGCUAAUCCCUGGGUUGCGCGCAUGUUCC,GUAUGCCGGGUUAUGAUGACGUGAACUACAGCAUAU,GGUAGUACACGUGUGAGACCACAUAGUCGAGCUACC,AGCUGCGAGAAUUGUGGCUACAGUAUCAUGGCAGCU,,-12.037004470825195,-13.554572105407715,-13.520838737487793,-24.86212158203125,-12.931778907775879,-18.645357131958008,-13.232096672058105,-9.274937629699707,-12.502925872802734,-13.147405624389648,,0.23700428009033203,0.25457191467285156,0.9208383560180664,0.062122344970703125,0.5317792892456055,0.1453571319580078,0.1320962905883789,2.0749378204345703,0.4029254913330078,0.8474054336547852,,0,0,0,0,0,0,0,0,0,0,,0,0,0,0,0,0,0,0,0,0,,0.0,0.0,0.0,0.0,0.0,0.0,0.0,0.040000000000000036,0.0,0.0,,0.0,0.0,0.0,0.0,0.0,0.0,0.0,0.14300000000000002,0.0,0.0,,0.0,0.0,0.0,0.0,0.0,0.0,0.0,0.33899999999999997,0.0,0.0,,0,0,0,0,0,0,0,0,0,0,,41.111,134.444,87.778,10.0,118.889,72.222,25.556,150.0,56.667,103.333,,0.23700428009033203,0.25457191467285156,0.9208383560180664,0.062122344970703125,0.5317792892456055,0.1453571319580078,0.1320962905883789,2.0749378204345703,0.4029254913330078,0.8474054336547852,
900,GGUUGAACCGAAUGCAAAGGUAUUGCGAGAUCGACC,CUCUAGUCGCUCGGUUCCUAUCGGUGCUGUCUGGGG,CUUGGCUCACUGUCCACAGGGGCAUGUCGUGCCGGG,GCUGAGUCCGAGCACUGGUGUGCUGCGAGUCUUAGC,ACGUGGCGACUAGUCAUUCGAUUAUGUACACCAUGU,GGGCCGUCCGGGUACGAUCGUAUCGCGAGUCGGCCC,GCCAAGAGACUCUAGGCUGCUGGAUGUGCACUUGGC,CUGCGCCGCUAUUUCGUCUGAGAUCAGUCUGUGCGG,CUACGAACACGGGACACCAGUCUUAGUCGCUCGUAG,GUCCUGGAGAAGGCCGUCAGGCUUAUCGUGCAGGAU,,-11.42512035369873,-12.192980766296387,-15.39022159576416,-17.365968704223633,-11.37077808380127,-20.68291473388672,-14.067099571228027,-11.259096145629883,-10.879273414611816,-16.1220703125,,0.1251201629638672,0.39298057556152344,0.39022159576416016,0.06596946716308594,0.37077808380126953,0.08291435241699219,0.1670999526977539,0.7590961456298828,0.3792734146118164,0.5220699310302734,,0,0,0,0,0,0,0,0,0,0,,0,0,0,0,0,0,0,0,0,0,,0.0,0.0,0.0,0.0,0.0,0.0,0.0,0.03700000000000003,0.0,0.0,,0.0,0.0,0.0,0.0,0.0,0.0,0.0,0.07099999999999995,0.0,0.0,,0.0,0.0,0.0,0.0,0.0,0.0,0.0,0.22799999999999998,0.0,0.0,,0,0,0,0,0,0,0,0,0,0,,56.667,150.0,72.222,10.0,103.333,87.778,25.556,134.444,41.111,118.889,,0.1251201629638672,0.39298057556152344,0.39022159576416016,0.06596946716308594,0.37077808380126953,0.08291435241699219,0.1670999526977539,0.7590961456298828,0.3792734146118164,0.5220699310302734,
1000,CACGGCACCGAUUUCAUAGGAGGUGCGUGAGCCGUG,CAGCGCUCUCUUGGAUUCGUUCAACGAUGUGUGCUG,CUUGGCUCCUUGCUGACUCCAGCAUAGCGUGCUAGG,GGUCUGUCCGGUUAUUGUUAUGACGCGAGUCAGGCC,GACGAUCGCUUUCUGGUUCCAGGACGGACAAUCGUC,GGGUUGUCCGAUUUGAAAACGGAUGCGUGUCAACCC,GGGCAGAGGCUGAGGCAUACCUUAUGCGCACUGCCC,UCGCCCACGCAUAUCGAGAGGUAUCGCUGCGGGCGA,CAAGGAACCGAUCUGAGCCCAGGUACGAGCUCUUUG,CUCUAGGCCGCGGGGCGCAUCUCGACGAGGCUGGAG,,-14.456459045410156,-11.960989952087402,-14.054730415344238,-14.531206130981445,-12.643670082092285,-13.054967880249023,-18.374408721923828,-19.198678970336914,-10.652397155761719,-15.768373489379883,,0.25645923614501953,0.3609895706176758,0.254730224609375,0.13120651245117188,0.44367027282714844,0.25496768951416016,0.174407958984375,0.2986793518066406,0.15239715576171875,0.46837329864501953,,0,0,0,0,0,0,0,0,0,0,,0,0,0,0,0,0,0,0,0,0,,0.0,0.0,0.0,0.0,0.0,0.0,0.0,0.0,0.0,0.0,,0.0,0.0,0.0,0.0,0.0,0.0,0.0,0.0,0.0,0.0,,0.0,0.0,0.0,0.0,0.0,0.0,0.0,0.0,0.0,0.0,,0,0,0,0,0,0,0,0,0,0,,72.222,150.0,56.667,10.0,103.333,87.778,41.111,118.889,25.556,134.444,,0.25645923614501953,0.3609895706176758,0.254730224609375,0.13120651245117188,0.44367027282714844,0.25496768951416016,0.174407958984375,0.2986793518066406,0.15239715576171875,0.46837329864501953,
1100,GUAGGAAGCACUGGUAUUGAUCGGCUGACAUCUUAC,CAUAGCACACAGAACGAAGGUUUUAGUCGCGUUAUG,AUGUAUUCCUUGUGGGGUCCUACAUAGCGCAUACGU,CAGUUGUCCGACAUGAAUUCGUGUGCGCGUCAGCUG,GACAAGCGACCUAUAAUACUAUGGUGUACACUUGUC,GGCAGCUCCUGGUGCCAUCGCACCGAGUGCGUUGCC,GUGAAGAGACUCAUCCCAGGGUGGCGUGCCCUUCAC,CGUCUCUCCUCGUGCGAGAGUAUGCAGCGCGAGACG,GUAGGCACCGGUCACAUCAGUGAUGCGUGAGCCUAC,CUCGGCGAACUGUUAGAAAUAACAUGUCUGGUUGAG,,-9.38370418548584,-10.43218994140625,-9.822990417480469,-14.321257591247559,-11.063533782958984,-18.485689163208008,-12.528865814208984,-16.917375564575195,-15.650222778320312,-11.871866226196289,,0.38370418548583984,0.13218975067138672,0.622990608215332,0.12125778198242188,0.2635335922241211,0.38568878173828125,0.2288656234741211,0.31737518310546875,0.1502227783203125,0.37186622619628906,,0,0,0,0,0,0,0,0,0,0,,0,0,0,0,0,0,0,0,0,0,,0.0,0.0,0.0,0.0,0.0,0.0,0.0,0.0,0.0,0.0,,0.0,0.0,0.0,0.0,0.0,0.0,0.0,0.0,0.0,0.0,,0.0,0.0,0.0,0.0,0.0,0.0,0.0,0.0,0.0,0.0,,0,0,0,0,0,0,0,0,0,0,,87.778,134.444,56.667,10.0,118.889,72.222,41.111,103.333,25.556,150.0,,0.38370418548583984,0.13218975067138672,0.622990608215332,0.12125778198242188,0.2635335922241211,0.38568878173828125,0.2288656234741211,0.31737518310546875,0.1502227783203125,0.37186622619628906,
1200,CCAUGGCGGCUGCAAAGUGUUGCACGCUCACCAUGG,GUGAGCCGCUCUCAGUCAUCUGAGUAGACAGCUCGC,AGAUGCUCCUUCCGCCGUCGUGGAUAGCGCGCGUUU,CAGCCGUCCGAGCGCAAGGGCGCUGCGUGUCGGCUG,GGCUGGCGACCAAUGAUGCCAUUGCGUACACCAGUC,GCGACAUCCAGGGAGCAUUCUCCCGUGAGCUGUUGC,GGCCACACCCUAUAGCCGGCUGUGCGGAGAGUGGCC,CGACUCUCCACGGUUGACAAAUCGCUGCGCGAGUCG,CUACGUACCGAGGUCCCCCGACUUGCGCGCACGUAG,CGACUAGCACUUUCAGAUAUGAGAUGUAGGUAGUCG,,-17.123533248901367,-16.62546730041504,-11.811783790588379,-21.712966918945312,-14.510832786560059,-15.533219337463379,-17.468088150024414,-13.877988815307617,-12.363234519958496,-12.502174377441406,,0.42353248596191406,0.3254680633544922,0.6117839813232422,0.11296653747558594,0.2108325958251953,0.3332195281982422,0.1680889129638672,0.3779888153076172,0.16323471069335938,0.4021739959716797,,0,0,0,0,0,0,0,0,0,0,,0,0,0,0,0,0,0,0,0,0,,0.0,0.0,0.0,0.0,0.0,0.0,0.0,0.0,0.0,0.0,,0.0,0.0,0.0,0.0,0.0,0.0,0.0,0.0,0.0,0.0,,0.0,0.0,0.0,0.0,0.0,0.0,0.0,0.0,0.0,0.0,,0,0,0,0,0,0,0,0,0,0,,103.333,134.444,72.222,10.0,118.889,56.667,25.556,87.778,41.111,150.0,,0.42353248596191406,0.3254680633544922,0.6117839813232422,0.11296653747558594,0.2108325958251953,0.3332195281982422,0.1680889129638672,0.3779888153076172,0.16323471069335938,0.4021739959716797,
1300,CCGUGGUGGCCUUAUAUUGAUGGGUGCGCUCCGCGG,CCUCGCCGCCUUAACAUGUGUUAAUGGACCGCGAGG,AUCUGUUCCGUGUCGGGGCCGGCAGCGUGCACGGGU,CCUUUGUCCGAUGUUCUUGGAUAUGCGAGUCAGAGG,GGGGAGCGAUGCACGCGUGCGUGCCAUACACUUCUC,GCUGGCUCCGAGGUCAAUGGGCCUGUGUGCGCCGGC,GUGAUCACCAUGGACCAGGGUUCACUGCGAGGUCAC,GGUGUUACCUUUAAUGCCCAUUAACAGUGCAACACC,CUACGCACCGGGUACACAAGUAUUGCGAGCGCGUAG,UCCCUGGAACGUUGAGGCAUCAGCUGUAUGUAGGGA,,-15.5810546875,-16.23089599609375,-13.797149658203125,-11.61963939666748,-14.50001335144043,-17.446184158325195,-12.630616188049316,-8.58494758605957,-12.922682762145996,-13.446639060974121,,0.2810544967651367,0.33089637756347656,0.6971492767333984,0.11963939666748047,0.7000131607055664,0.2461833953857422,0.1306161880493164,0.48494720458984375,0.22268295288085938,0.4466390609741211,,0,0,0,0,0,0,0,0,0,0,,0,0,0,0,0,0,0,0,0,0,,0.0,0.0,0.0,0.0,0.03700000000000003,0.0,0.0,0.0,0.0,0.0,,0.0,0.0,0.0,0.0,0.07099999999999995,0.0,0.0,0.0,0.0,0.0,,0.0,0.0,0.0,0.0,0.22799999999999998,0.0,0.0,0.0,0.0,0.0,,0,0,0,0,0,0,0,0,0,0,,118.889,150.0,87.778,10.0,103.333,41.111,25.556,72.222,56.667,134.444,,0.2810544967651367,0.33089637756347656,0.6971492767333984,0.11963939666748047,0.7000131607055664,0.2461833953857422,0.1306161880493164,0.48494720458984375,0.22268295288085938,0.4466390609741211,
1400,GCUGUGUGCCUGCUAAAAGUGGCGCGGACUCAUAGU,GAUGUGCCAGCUCGAAAGGUCGAGUCUCGUUGCAUC,AUGAGCUCGGCGUGCUCUCGUACGACCAGCGCUCGU,CAUCCGUCCGGGAUGCCUGCGUCCGCGAGUCGGAUG,CGGCUGCGACGCUUGUAUGCGAGUUGUACACAGCUG,GCUUUCUCCGAUAUCACUAGGUAUGUGUGCGAAGGC,GGCCAUACCAUGACGCAGGCGUUACUGAGAGUGGCC,CCAGUGACCAUUGGGGCCCCUUAACUGCGAUACUGG,CUACGAUCCAUGUGCCGCUGCAUACUGCGCUCGUAG,UGAUCAGCAGCUCCAGCAAUGGGGUCUCGGUGGUUA,,-13.300777435302734,-12.577092170715332,-16.186641693115234,-18.810590744018555,-14.532597541809082,-9.271632194519043,-15.219070434570312,-10.605278968811035,-11.51809024810791,-14.377165794372559,,0.6007776260375977,1.8770923614501953,0.5866413116455078,0.11058998107910156,0.7325973510742188,0.27163219451904297,0.2190704345703125,0.3052787780761719,0.21809005737304688,0.5771656036376953,,0,0,0,0,0,0,0,0,0,0,,0,0,0,0,0,0,0,0,0,0,,0.0,0.0,0.0,0.0,0.03700000000000003,0.0,0.0,0.0,0.0,0.0,,0.0,0.07099999999999995,0.0,0.0,0.07099999999999995,0.0,0.0,0.0,0.0,0.0,,0.0,0.138,0.0,0.0,0.22799999999999998,0.0,0.0,0.0,0.0,0.0,,0,0,0,0,0,0,0,0,0,0,,134.444,150.0,103.333,10.0,87.778,41.111,25.556,56.667,72.222,118.889,,0.6007776260375977,1.8770923614501953,0.5866413116455078,0.11058998107910156,0.7325973510742188,0.27163219451904297,0.2190704345703125,0.3052787780761719,0.21809005737304688,0.5771656036376953,
1500,CCUGUGUCGCUCUUCAUAAGAAGGCGCUGUCAUAGG,GAAAUGAGCUAGAGCGAGGGCUUUGAGACCCGUUUC,CUACUCUCGAGGUGCUGGCGUAUCAUCAGCGGGUGG,CAACUGUCAGAUCUGUCCGCGGAUGCUAGUCAGUUG,UCCAAGCGACUGAUCACAUGAUCAUGUACACUUGGA,GCUGGCUCCGGGAUGUCUACGUCCGCGUGCGUCGGC,GCCAUGACCAUGCGCGACGGUGCACUGCGACGUGGC,CCAGUCACUACGGGUGCCAACUCGAUACGCGACUGG,GGUCGCACACCUAUCAUAAGAUGGCGUCGCGCGACC,GUAGACGUCCGCCCGCGUAUGGGCUGGCAGGUCUAC,,-14.410205841064453,-9.964296340942383,-10.756257057189941,-12.8842191696167,-14.321142196655273,-17.18882179260254,-15.276792526245117,-14.768117904663086,-16.676408767700195,-18.209339141845703,,0.7102060317993164,0.6642961502075195,0.35625743865966797,0.1842193603515625,0.32114219665527344,0.0888214111328125,0.17679214477539062,0.26811790466308594,0.07640838623046875,0.6093387603759766,,0,0,0,0,0,0,0,0,0,0,,0,0,0,0,0,0,0,0,0,0,,0.04800000000000004,0.0,0.0,0.0,0.0,0.0,0.0,0.0,0.0,0.0,,0.28600000000000003,0.0,0.0,0.0,0.0,0.0,0.0,0.0,0.0,0.0,,0.503,0.0,0.0,0.0,0.0,0.0,0.0,0.0,0.0,0.0,,0,0,0,0,0,0,0,0,0,0,,150.0,134.444,103.333,25.556,72.222,41.111,10.0,56.667,87.778,118.889,,0.7102060317993164,0.6642961502075195,0.35625743865966797,0.1842193603515625,0.32114219665527344,0.0888214111328125,0.17679214477539062,0.26811790466308594,0.07640838623046875,0.6093387603759766,
1600,GUAUGGUCCGAGUUUAUAAAGACUCCGCGUCCGUAC,GUAGUCCGCCUCAAUUUAUAUUGGUGGACCGACUGC,ACUUGCUCCGGGUGCGGACGUACCUCGCGCGUAGGU,CCUGCGUCCAAGUGCCAGAGCGCUAUGCGUCGCAGG,GACAAGCGCCCUAUGAGUCCAUGGUGGACACUUGUC,GCUCCUUCCGGGGUGGAUACGCCCGCGUGUAGGAGC,CUCAACACCAUCGAGCACGCUUGGCUGCGCGUUGAG,UCUUGCACUGCUAUGCCGACAUAGUCACGCGCAAGA,GUAGGUUCCUUUGUGUCACCACGACAGCGCACUUAC,GUCGCUGCACGUUCGCAGACGAGCUGUCGGGGCGAU,,-12.854846954345703,-12.56652545928955,-15.036340713500977,-17.63684844970703,-14.820995330810547,-21.12473487854004,-12.490026473999023,-13.317191123962402,-8.656267166137695,-15.120270729064941,,0.9548473358154297,0.7665252685546875,0.33634090423583984,0.13684844970703125,0.12099552154541016,0.22473526000976562,0.09002685546875,0.4171915054321289,0.2562675476074219,0.4202709197998047,,0,0,0,0,0,0,0,0,0,0,,0,0,0,0,0,0,0,0,0,0,,0.0,0.0,0.0,0.0,0.0,0.0,0.0,0.0,0.0,0.0,,0.0,0.0,0.0,0.0,0.0,0.0,0.0,0.0,0.0,0.0,,0.0,0.0,0.0,0.0,0.0,0.0,0.0,0.0,0.0,0.0,,0,0,0,0,0,0,0,0,0,0,,150.0,118.889,87.778,41.111,56.667,25.556,10.0,72.222,103.333,134.444,,0.9548473358154297,0.7665252685546875,0.33634090423583984,0.13684844970703125,0.12099552154541016,0.22473526000976562,0.09002685546875,0.4171915054321289,0.2562675476074219,0.4202709197998047,
1700,GCAACCUCCGCUUACGGCAGUGGGUCGCGUGGUUGU,UAUCGCAGCUGUAACGCAUGUUACUGGACCGUGAUG,GUGCGCUCACGCCGGAGCCCUGGCUGUCGUGCGCAC,CUUUAGUCCGACGUUUGUCAAUGUGCGAGUCUGAAG,GCCUGGCGCCUUAUCACACGAUGACGGACACCAGGC,GCUACAUCCGGUAACAAUCGUUGCGCGAGCUGUGGC,GCCAGAACCAUCCACCAGGGUGGGCUGCGAUCUGGC,UCAUUGACUGUCGGGCGCACUCGAUCACGCCAAUGA,GGUAGAUCCCGUAGCAUAAGCUGCUGGUGCUCUACC,GGCCCGGGCGGGUAGCAGAUUACCUCGACGCGGGUC,,-14.995097160339355,-9.727822303771973,-19.429332733154297,-9.350112915039062,-17.6082763671875,-13.760455131530762,-17.928386688232422,-10.99148178100586,-16.97975730895996,-18.438138961791992,,0.29509735107421875,0.8278226852416992,0.4293327331542969,0.3501129150390625,0.1082763671875,0.16045475006103516,0.128387451171875,0.5914821624755859,0.47975730895996094,0.3381385803222656,,0,0,0,0,0,0,0,0,0,0,,0,0,0,0,0,0,0,0,0,0,,0.0,0.0,0.0,0.0,0.0,0.0,0.0,0.0,0.0,0.0,,0.0,0.0,0.0,0.0,0.0,0.0,0.0,0.0,0.0,0.0,,0.0,0.0,0.0,0.0,0.0,0.0,0.0,0.0,0.0,0.0,,0,0,0,0,0,0,0,0,0,0,,134.444,118.889,72.222,56.667,41.111,25.556,10.0,87.778,103.333,150.0,,0.29509735107421875,0.8278226852416992,0.4293327331542969,0.3501129150390625,0.1082763671875,0.16045475006103516,0.128387451171875,0.5914821624755859,0.47975730895996094,0.3381385803222656,
1800,CAUCGGUCCAGGGAAAGGAUUCCCGUGUGUCCGAUG,GUGCGGCGCGUUAGCGGAGGCUAGUCGACCCCGCAC,CGUUGGUCGCCCUUAGAACUGAGGUGCAGUCCAGCG,GCCCAGUCCGACCACAGGUGUGGUGCGCGUCUGGGC,UCCGAGCGCGCAGUGGUGGCACUGUCGACACUCGGA,GGCCCAUCCGAUGGGACUCCCCGUGCGAGCUGGGCC,GGUACAACCAUCCGGCACGCUGGGCUGCGCUGUACC,GUUUAGACCUUUCGGCCCUCCGAACAGCGAUUAAAC,GGAGAUACCUCUAUGCUAACAUAGUAGAGCAUCUCC,GGAGCGGGCAGUGCACCAAUGCGCGUGACGCGUUUC,,-16.859365463256836,-17.374839782714844,-16.883108139038086,-21.46719741821289,-18.725460052490234,-20.27144432067871,-14.410508155822754,-7.827902317047119,-12.995367050170898,-14.400177001953125,,0.35936546325683594,0.37483978271484375,0.4831085205078125,0.06719779968261719,0.32546043395996094,0.17144393920898438,0.11050796508789062,0.4279022216796875,0.49536705017089844,0.5001773834228516,,0,0,0,0,0,0,0,0,0,0,,0,0,0,0,0,0,0,0,0,0,,0.0,0.0,0.0,0.0,0.0,0.0,0.0,0.0,0.0,0.0,,0.0,0.0,0.0,0.0,0.0,0.0,0.0,0.0,0.0,0.0,,0.0,0.0,0.0,0.0,0.0,0.0,0.0,0.0,0.0,0.0,,0,0,0,0,0,0,0,0,0,0,,118.889,134.444,72.222,56.667,25.556,41.111,10.0,103.333,87.778,150.0,,0.35936546325683594,0.37483978271484375,0.4831085205078125,0.06719779968261719,0.32546043395996094,0.17144393920898438,0.11050796508789062,0.4279022216796875,0.49536705017089844,0.5001773834228516,
1900,GAGUGGUCCGAGCAGAUAACUGCUGCGCGUCCACUU,GUAGUGCGCCCUAAUGUAUAUUAGUGGACCCACUGC,AUUAUUUCCUCCUGGGGGCCCAGGUAGCGCAGUAGU,CCUCAGUCUGGGCGCUCAUGUGCCGCGUGUCUGAGG,GACGAGCGCCCUAUGGGAGCAUAGUGGACACUCGUC,GUUUCCUCCGGGCGCGAUAGCGCCGCGUGCGGAAGC,GCCAACACCAUGAUGCACGCGUUACUGAGCGUUGGC,GGGCUACCCAGGCUUGGUGGAGCCGUGCGUUGGCUC,CAAUUGACCCUGGGUCCACGCCCAUGGAGAUAGUUG,GUUGCUGAGGCGGCACAAAUGCCGUCCGUGAGCAAC,,-17.18162727355957,-12.30411148071289,-12.514693260192871,-19.112735748291016,-18.30255699157715,-20.285518646240234,-13.166199684143066,-14.459074974060059,-12.322553634643555,-18.83637809753418,,0.2816276550292969,0.5041112899780273,0.5146932601928711,0.2127361297607422,0.10255622863769531,0.08551788330078125,0.06619930267333984,0.7590751647949219,0.622553825378418,0.8363780975341797,,0,0,0,0,0,0,0,0,0,0,,0,0,0,0,0,0,0,0,0,0,,0.0,0.0,0.0,0.0,0.0,0.0,0.0,0.0,0.0,0.0,,0.0,0.0,0.0,0.0,0.0,0.0,0.0,0.0,0.0,0.0,,0.0,0.0,0.0,0.0,0.0,0.0,0.0,0.0,0.0,0.0,,0,0,0,0,0,0,0,0,0,0,,103.333,150.0,87.778,41.111,25.556,56.667,10.0,118.889,72.222,134.444,,0.2816276550292969,0.5041112899780273,0.5146932601928711,0.2127361297607422,0.10255622863769531,0.08551788330078125,0.06619930267333984,0.7590751647949219,0.622553825378418,0.8363780975341797,
2000,CAUCGAUCCCCUGUAAUUCUAUGGUGGUGUUCGGUG,GACGAAUUGUCACGUAAACAUGUGCACCACUUCGUC,CGCUGGUCCUUCUCCUCAUGGGGAUAGCGUCCGGUG,CAUGAGUCUGAGAGGUAGUCCUCUGCGUGUCUCAUG,GAAUAGCGCCUUAUCUUCCGAUGAUGGACACUAUUC,GGUACCUCCGAUGGCAAUAGCCGUGCGCGCGGUACC,GGCCCCACCAUUCAGCACGCUGAGCUGCGCGGGGCC,UUUCACCGGCAGUGCCUAAGCGCUAGCUCCGUGAAA,GUUCAUACCCUCGUACUACUACGACGGAGCAUGAAC,AUACGUGGACGGUAAGGAAUUGCCUGUGUGGCGUAU,,-11.479328155517578,-10.882936477661133,-16.103559494018555,-14.887733459472656,-11.13110065460205,-18.288007736206055,-20.26317596435547,-14.551701545715332,-11.981090545654297,-11.63162612915039,,0.9793281555175781,1.3829364776611328,0.3035593032836914,0.2877330780029297,0.13110065460205078,0.08800697326660156,0.06317520141601562,0.9517011642456055,0.3810901641845703,0.7316265106201172,,0,0,0,0,0,0,0,0,0,0,,0,0,0,0,0,0,0,0,0,0,,0.0,0.0,0.0,0.0,0.0,0.0,0.0,0.0,0.0,0.0,,0.0,0.07099999999999995,0.0,0.0,0.0,0.0,0.0,0.07099999999999995,0.0,0.0,,0.0,0.138,0.0,0.0,0.0,0.0,0.0,0.138,0.0,0.0,,0,0,0,0,0,0,0,0,0,0,,87.778,150.0,103.333,41.111,25.556,56.667,10.0,134.444,72.222,118.889,,0.9793281555175781,1.3829364776611328,0.3035593032836914,0.2877330780029297,0.13110065460205078,0.08800697326660156,0.06317520141601562,0.9517011642456055,0.3810901641845703,0.7316265106201172,
2100,GCUGGAUCCCGGCCCAAAGGGGCCUGGCGUUCUAGU,CUCGUGAUCCGACCUCGGUAGGUCAGGCACUACGGG,CUAGGCUCCUGCCCGUCAUCGGGCUAGCGUGCUUGG,CAAUUGUCGGACCGCCGGGGUGGUGCCAGUCAGUUG,GACGAGCGGCCGGUGGAACCACUGUGCACACUCGUC,GCUACCUCCGGGUUGGAUACGACCGCGAGCGGUGGC,GCCAACACCUCGAGCCACGGUUUGCAGUGCGUUGGC,ACUCAUAGGCAGGGCGCCCGUCCUCGCUCCGUGAGU,CUGAUCUCCAUUAUCCUCAGAUGACUGUGCGAUCAG,CGCUCAGGACCGGAAGAAAUUCUGUGUGUGUGAGUG,,-19.738271713256836,-13.515912055969238,-17.92338752746582,-15.243069648742676,-19.515880584716797,-18.47688865661621,-15.651691436767578,-16.791873931884766,-10.373318672180176,-14.77578067779541,,0.6382713317871094,1.1159124374389648,0.2233867645263672,0.24306964874267578,0.11588096618652344,0.0768890380859375,0.05169105529785156,1.191873550415039,0.17331886291503906,0.3757810592651367,,0,0,0,0,0,0,0,0,0,0,,0,0,0,0,0,0,0,0,0,0,,0.0,0.0,0.0,0.0,0.0,0.0,0.0,0.03700000000000003,0.0,0.0,,0.0,0.07099999999999995,0.0,0.0,0.0,0.0,0.0,0.07099999999999995,0.0,0.0,,0.0,0.138,0.0,0.0,0.0,0.0,0.0,0.22799999999999998,0.0,0.0,,0,0,0,0,0,0,0,0,0,0,,72.222,134.444,118.889,56.667,25.556,41.111,10.0,150.0,87.778,103.333,,0.6382713317871094,1.1159124374389648,0.2233867645263672,0.24306964874267578,0.11588096618652344,0.0768890380859375,0.05169105529785156,1.191873550415039,0.17331886291503906,0.3757810592651367,
2200,CAUUCGUCUGUGUAAAGUGUUGCGUCACGUCGGAUG,CCUGGGACCUACAAGCCCGCUUGUUAGAGAUUUAGG,ACUAUUUCCUGGUCUAGCGAGGCCGAGUGCAGUAGU,GACCAGUCGGAGCUCUACAGAGCUGCCAGUCUGGUC,GGGAAGCGACUGGUGGUAUCACUACGUACACUUCCC,GCUACUUCCGAUUUGAAUCCGAGUGCGAGCAGUGGC,GCCCACACCUCGACCGAGGGGUCGCAGUGCGUGGGC,AUAGGGACGCCUGUUCGUAGACAGUGCUGAUUCUGU,CUCAUUUCACCAAUCAGAUGAUUGCGUCGUAAUGAG,AGCUGAGGACAGGCACAAAUGCCUCGUGUGUUAGCU,,-9.248478889465332,-10.408421516418457,-11.121973037719727,-19.609092712402344,-14.708246231079102,-10.9886474609375,-21.28081703186035,-9.61744499206543,-10.680218696594238,-14.164868354797363,,0.5484790802001953,0.908421516418457,0.8219728469848633,0.2090930938720703,0.20824623107910156,0.18864727020263672,0.08081626892089844,0.917445182800293,0.48021888732910156,0.9648685455322266,,0,0,0,0,0,0,0,0,0,0,,0,0,0,0,0,0,0,0,0,0,,0.0,0.03700000000000003,0.0,0.0,0.0,0.0,0.0,0.0,0.0,0.0,,0.0,0.07099999999999995,0.0,0.0,0.0,0.0,0.0,0.0,0.0,0.0,,0.0,0.22799999999999998,0.0,0.0,0.0,0.0,0.0,0.0,0.0,0.0,,0,0,0,0,0,0,0,0,0,0,,72.222,118.889,134.444,56.667,41.111,25.556,10.0,150.0,103.333,87.778,,0.5484790802001953,0.908421516418457,0.8219728469848633,0.2090930938720703,0.20824623107910156,0.18864727020263672,0.08081626892089844,0.917445182800293,0.48021888732910156,0.9648685455322266,
2300,GAUUUCUCACUCUUCGAUAGAAGAUGUAGUGAAAUC,GAUGUACCCAAAGAGCCGGUUUUUAUGCGCUGCAUC,CGUGGGUCCUGCCUGGCUCCGGGCUAGCGUUCUAUG,GGCCAGUCACAGUGGUGUUUCACUAGUCGUCUGGCC,GAGAAGCGGCAGAUCUUAUGAUUUCGCACACUUUUC,GCCACUUCCGGGAGCAAUCGCUCCGCGUGCAGUGGC,GCCAACUCCUCUGCGGAGACGUAGUAGUGCGUUGGC,AUCUUCGCCGUCGGCGUCAGUCGAUCGUGGGAAGAU,CUAAGAUCCUCGGUCCUCAGAUUGCAGCGUUCUUGG,AUCGGAGAGCCGGAAGAAAUUCCGAGCGUGUCCGAU,,-11.44021224975586,-6.604144096374512,-14.505369186401367,-17.320894241333008,-10.842236518859863,-20.615678787231445,-19.99556541442871,-16.307931900024414,-9.130237579345703,-19.766794204711914,,0.24021244049072266,0.6041440963745117,0.8053693771362305,0.22089385986328125,0.14223670959472656,0.11567878723144531,0.0955657958984375,0.5079317092895508,0.33023738861083984,0.5667934417724609,,0,0,0,0,0,0,0,0,0,0,,0,0,0,0,0,0,0,0,0,0,,0.0,0.0,0.0,0.0,0.0,0.0,0.0,0.0,0.0,0.0,,0.0,0.0,0.07099999999999995,0.0,0.0,0.0,0.0,0.0,0.0,0.0,,0.0,0.0,0.138,0.0,0.0,0.0,0.0,0.0,0.0,0.0,,0,0,0,0,0,0,0,0,0,0,,87.778,118.889,150.0,41.111,56.667,10.0,25.556,134.444,103.333,72.222,,0.24021244049072266,0.6041440963745117,0.8053693771362305,0.22089385986328125,0.14223670959472656,0.11567878723144531,0.0955657958984375,0.5079317092895508,0.33023738861083984,0.5667934417724609,
2400,CAUCGAUCCAAGUAGGCAGCUAUUCUGUGUUCGGUG,GAUAUUACUCGUAACUUAGGUUACUGACGCAAUAUC,CUGUGUUGCUGCAUAAAACUAUGCGAGACUGCGCGG,CCUCAGUCACAGCACUCUAGUGCUAGUCGUCUGAGG,GACGAGCGGCUGAUCAUCUGAUUACGCACACUCGUC,GGGACCUCCGAGCGCAAGUGCGCUGCGUGCGGUCCC,GCCCACUCCUCCUCCGAGCGGGGGCAGUGCGUGGGC,UCUGGUGCUAUUUGCCUCGGCAGGAUAUGGGCCAGA,GGUAGCUCCACUAUGACACCAUGGCUGAGCGCUACC,AGCUAUGUAGGGUCAGGUAUGGCCACUCAGAUAGUU,,-9.151690483093262,-8.076343536376953,-12.69043254852295,-17.568157196044922,-15.22539234161377,-22.570545196533203,-21.18463706970215,-15.464920997619629,-14.648221015930176,-12.10250473022461,,0.451690673828125,0.27634334564208984,1.0904321670532227,0.16815757751464844,0.12539196014404297,0.07054519653320312,0.08463668823242188,1.464920997619629,0.14822101593017578,0.6025047302246094,,0,0,0,0,0,0,0,0,0,0,,0,0,0,0,0,0,0,0,0,0,,0.0,0.0,0.0,0.0,0.0,0.0,0.0,0.040000000000000036,0.0,0.0,,0.0,0.0,0.07099999999999995,0.0,0.0,0.0,0.0,0.14300000000000002,0.0,0.0,,0.0,0.0,0.138,0.0,0.0,0.0,0.0,0.33899999999999997,0.0,0.0,,0,0,0,0,0,0,0,0,0,0,,103.333,134.444,150.0,41.111,56.667,10.0,25.556,118.889,87.778,72.222,,0.451690673828125,0.27634334564208984,1.0904321670532227,0.16815757751464844,0.12539196014404297,0.07054519653320312,0.08463668823242188,1.464920997619629,0.14822101593017578,0.6025047302246094,
2500,CAUGGAUCCGAGUGCGGAAGUACUGCGCGUUCUAUG,GUUCGGACAACUAACGAGUGUUAGCUUCGCCCGGAC,CGCGGGCACGUGUCCUACUGGGCAUCGAUUCCUGUG,CACCAGUCACACCACCAGGGUGGUCGUAGUCUGGUG,GGGAAGCGCCUGAUCACGUGAUUACGGACACUUCCC,GGCCUGUCCGAGUGGAAGUCCACUGCGAGUCAGGCC,GCCAACUCCUCCAGCUAGAGUUGGCAGUGCGUUGGC,UGGCGCGCGCUUCUGGCGGCAGAAUGCUGGGCGCUA,GUGGUCACUAUAUCCAUAUGGAUACUACGCGAUCAU,AUACCAGUACGGUAGCGAAUUACCAGUCAGUGGUAU,,-15.87435245513916,-10.470709800720215,-15.53742504119873,-18.562829971313477,-15.710235595703125,-21.671953201293945,-16.778627395629883,-17.62206268310547,-10.467872619628906,-10.778970718383789,,0.2743520736694336,0.5707101821899414,0.9374246597290039,0.16283035278320312,0.11023521423339844,0.07195281982421875,0.07862663269042969,0.5220623016357422,0.5678730010986328,0.6789703369140625,,0,0,0,0,0,0,0,0,0,0,,0,0,0,0,0,0,0,0,0,0,,0.0,0.0,0.0,0.0,0.0,0.0,0.0,0.0,0.0,0.0,,0.0,0.0,0.07099999999999995,0.0,0.0,0.0,0.0,0.0,0.0,0.0,,0.0,0.0,0.138,0.0,0.0,0.0,0.0,0.0,0.0,0.0,,0,0,0,0,0,0,0,0,0,0,,118.889,150.0,134.444,56.667,41.111,25.556,10.0,103.333,72.222,87.778,,0.2743520736694336,0.5707101821899414,0.9374246597290039,0.16283035278320312,0.11023521423339844,0.07195281982421875,0.07862663269042969,0.5220623016357422,0.5678730010986328,0.6789703369140625,
2600,GACUGGUCUGUGUAGGUUACUGCGUCAUGUCCAGUU,GGUAUGACUUUUCGCUCGGGUGAGUAACGCCGUACC,GUCGGGCGCUGUCGCUCAUGUGACUAGACUUCUGGC,CACGCGUCCACGCGCCCCUGUGCGAUGCGUCGCGUG,GACCAGCGCCUGUUGGUCCCAAUACGGACACUGGUC,GGGCCGUCCGACUAGGAUGCUAGUGCGAGUCGGUCC,GGCCCCUCCUCUCCCGAGAGGGAGUAGUGCGGGGCC,CUUCGUGCGCCUGGGCCCUCCUAGUGCUGGACGAGG,GCGCGGUCCUUAUUCCCCUGAAUAUAGCGCCCGCGC,UUUAUGGUAGCUUCAGCACUGAGGACUCGGCAUAGA,,-14.404078483581543,-10.177468299865723,-13.375415802001953,-18.245946884155273,-16.51565933227539,-17.782058715820312,-26.59668731689453,-15.898978233337402,-14.50495433807373,-9.263042449951172,,0.3040781021118164,1.1774682998657227,0.5754156112670898,0.14594650268554688,0.11565971374511719,0.08205795288085938,0.09668731689453125,0.2989778518676758,0.4049539566040039,0.6630420684814453,,0,0,0,0,0,0,0,0,0,0,,0,0,0,0,0,0,0,0,0,0,,0.0,0.0,0.0,0.0,0.0,0.0,0.0,0.0,0.0,0.0,,0.0,0.14300000000000002,0.0,0.0,0.0,0.0,0.0,0.0,0.0,0.0,,0.0,0.244,0.0,0.0,0.0,0.0,0.0,0.0,0.0,0.0,,0,0,0,0,0,0,0,0,0,0,,118.889,150.0,134.444,56.667,25.556,41.111,10.0,87.778,72.222,103.333,,0.3040781021118164,1.1774682998657227,0.5754156112670898,0.14594650268554688,0.11565971374511719,0.08205795288085938,0.09668731689453125,0.2989778518676758,0.4049539566040039,0.6630420684814453,
2700,AUGGCAUCGCCCAUAGCGCUAUGGUGCAGUUGUUAU,GGCUAUAUGUCCCACAUGUGUGGGUACUACAUAGCC,ACCUGUCGCGUCUCCUCUGGGGGAUCGUCUACGGGU,CACCCCUCCAAGAGCAACGGUUCUAUGUGUGGGGUG,GCGCAGCGCCUUUUCGUAUGAAGACGGACACUGCGC,GGUCGGUCCGAGUACGCUAGUACUGCGUGUCCGACC,GCCAACUCCUCCAGCGAGAGUUGGCAGUGCGUUGGC,ACCAGUGUCGGCCAAGAUAUUGGCUCGCAGGCUGGU,GUAGGAUCCGGUCUCCCCAGAGACUCGUGCUCCUAC,GGAGGAGACCCGGGAGGCCUCCCGUGGCUGUCCUUC,,-11.70898723602295,-17.051742553710938,-16.452913284301758,-16.77488136291504,-15.833992004394531,-19.26429557800293,-19.267005920410156,-18.301265716552734,-16.310209274291992,-19.391958236694336,,1.1089868545532227,1.3517427444458008,0.9529132843017578,0.1748809814453125,0.13399219512939453,0.06429481506347656,0.06700515747070312,0.5012664794921875,0.21020889282226562,0.1919574737548828,,0,0,0,0,0,0,0,0,0,0,,0,0,0,0,0,0,0,0,0,0,,0.0,0.0,0.03700000000000003,0.0,0.0,0.0,0.0,0.0,0.0,0.0,,0.07099999999999995,0.07099999999999995,0.07099999999999995,0.0,0.0,0.0,0.0,0.0,0.0,0.0,,0.138,0.138,0.22799999999999998,0.0,0.0,0.0,0.0,0.0,0.0,0.0,,0,0,0,0,0,0,0,0,0,0,,103.333,134.444,150.0,41.111,25.556,56.667,10.0,72.222,87.778,118.889,,1.1089868545532227,1.3517427444458008,0.9529132843017578,0.1748809814453125,0.13399219512939453,0.06429481506347656,0.06700515747070312,0.5012664794921875,0.21020889282226562,0.1919574737548828,
2800,AGGAGUUCUCCCGAAGUGAUUUGGCGAUGUACUCCU,GGCAAUUCAGUCACAUGAUUGUGGUCUCGCAUUGCC,AGCCGUUGCUGGCUCUAUCGGGCCGAGACCACGGUU,CCUCCCUCCGACCGUCAUAAUGGUGCGUGUGGGAGG,GAGUGGCGGAUGGUCGGAUGACUACUCACACCACUC,GGGUGCUCCGGAAGCACUUGCUUCGCGUGUGUAUCC,GCCCACUCCUCUCGGCACGCUGAGCAGUGCGUGGGC,ACAGAGGUCGCUAGGCACGCUUAGACGUAGUUCUGU,CUUCGCUCCUUUAUGAUCCCAUGAUAGCGCGCGAAG,CAUAGCGACCGGGCAGGCCUGCUCUGGCUGGCUAUG,,-15.346429824829102,-12.544463157653809,-16.457921981811523,-18.335115432739258,-15.138160705566406,-16.49591064453125,-19.36920928955078,-13.107370376586914,-11.512395858764648,-17.149539947509766,,0.746429443359375,0.3444633483886719,0.9579219818115234,0.23511505126953125,0.2381610870361328,0.09591102600097656,0.06921005249023438,0.3073701858520508,0.21239566802978516,1.1495399475097656,,0,0,0,0,0,0,0,0,0,0,,0,0,0,0,0,0,0,0,0,0,,0.0,0.0,0.0,0.0,0.0,0.0,0.0,0.0,0.0,0.040000000000000036,,0.0,0.0,0.0,0.0,0.0,0.0,0.0,0.0,0.0,0.14300000000000002,,0.0,0.0,0.0,0.0,0.0,0.0,0.0,0.0,0.0,0.33899999999999997,,0,0,0,0,0,0,0,0,0,0,,87.778,118.889,150.0,25.556,41.111,72.222,10.0,56.667,103.333,134.444,,0.746429443359375,0.3444633483886719,0.9579219818115234,0.23511505126953125,0.2381610870361328,0.09591102600097656,0.06921005249023438,0.3073701858520508,0.21239566802978516,1.1495399475097656,
2900,GCAUGGUCGCGUCCAGCUCUGGGCUGCUGUCCAUGU,CAUAUGACUGGCCCCAUGUGGGGUGCACGCCAUAUG,GUCCAGUCCGCUAUUGGGCAAUAGUCGCGCCUGGGC,CAAGACUCCGAGAGUGCUAACUCUACGAGUGUCUUG,GACGCCCGCCUGAGGAUUUCUUUACGGACAGGCGUC,GCGCCUUCCAAGUUGAAUUCGACUGUGAGUAGGUGC,GGGUACUCCUAUCACUCGGGUGAUCAGUGCGUGCCC,GGUUAGGUCGCUGUUCAGGAGCAGACGUAGUUAACC,GUUAGUUCCCUUAUCAGCAGAUAAUGGUGCACUAAC,AUCGGUGUACCGUGGCGCGUCGCGAGUCAGACCGGU,,-17.251405715942383,-14.312521934509277,-14.009108543395996,-15.286383628845215,-16.30092430114746,-14.414806365966797,-15.497980117797852,-12.444077491760254,-10.676281929016113,-14.036227226257324,,0.3514060974121094,0.31252193450927734,0.40910816192626953,0.18638324737548828,0.30092430114746094,0.6148061752319336,0.09798049926757812,0.2440776824951172,0.37628173828125,0.43622684478759766,,0,0,0,0,0,0,0,0,0,0,,0,0,0,0,0,0,0,0,0,0,,0.0,0.0,0.0,0.0,0.0,0.0,0.0,0.0,0.0,0.0,,0.0,0.0,0.0,0.0,0.0,0.0,0.0,0.0,0.0,0.0,,0.0,0.0,0.0,0.0,0.0,0.0,0.0,0.0,0.0,0.0,,0,0,0,0,0,0,0,0,0,0,,72.222,103.333,134.444,25.556,56.667,87.778,10.0,41.111,118.889,150.0,,0.3514060974121094,0.31252193450927734,0.40910816192626953,0.18638324737548828,0.30092430114746094,0.6148061752319336,0.09798049926757812,0.2440776824951172,0.37628173828125,0.43622684478759766,
3000,GCGGGGUCCCACGGAGUAAUUUGUCGGCGUCCUUGC,CAGAGCCGAGUGAAGGGAGCUUUAGCUACUGUUCUG,UUACGUUCAGUAUCAUGUUUGGUGGCUCGCACGUGA,GCCCACUCGGACAGCUCUUGCUGUGCCAGUGUGGGU,CUUAACACCAACCGUAGGGACGGUCUGCGAGUUAGG,CGCGCGUCCUAGGAGAAUUCUCCUCAGUGUCGUGUG,GGGAACUCCUAUACCUCCUGGUAUCAGUGCGUUCCC,GCUCUGGUCCGUGGUGUCAACUACAGGUAGUAGAGC,GCGCUGACCGUUGGCCUCCGCCGAUCGAGCCAGCGU,GGAACUGUCAGGAUGCAAGCAUCCGUGUAGAGUUUC,,-15.156729698181152,-11.631505012512207,-9.18843936920166,-20.28236198425293,-10.881940841674805,-16.60308074951172,-15.601617813110352,-15.35135269165039,-16.88349151611328,-13.300057411193848,,0.2567300796508789,0.631505012512207,1.0884389877319336,0.38236236572265625,0.3819408416748047,0.2030811309814453,0.10161781311035156,0.1513528823852539,0.2834911346435547,0.2000570297241211,,0,0,0,0,0,0,0,0,0,0,,0,0,0,0,0,0,0,0,0,0,,0.0,0.0,0.03700000000000003,0.0,0.0,0.0,0.0,0.0,0.0,0.0,,0.0,0.0,0.07099999999999995,0.0,0.0,0.0,0.0,0.0,0.0,0.0,,0.0,0.0,0.22799999999999998,0.0,0.0,0.0,0.0,0.0,0.0,0.0,,0,0,0,0,0,0,0,0,0,0,,56.667,87.778,134.444,41.111,72.222,103.333,10.0,25.556,118.889,150.0,,0.2567300796508789,0.631505012512207,1.0884389877319336,0.38236236572265625,0.3819408416748047,0.2030811309814453,0.10161781311035156,0.1513528823852539,0.2834911346435547,0.2000570297241211,
3100,GUCUGGUCACAUCACACAGGUGGUCGUCGUCCGGAC,GUAUAUCACGGGGGCGGAGGCCUCGCGAUUGUAUGC,CUGGGCUCCUGGCGGAGUUCUGCCUAGCGCGCUCAG,GCGCAGUCCGACUGCACGUGCGGUGCGCGUCUGCGU,GAAACCUCCGGUGGCAUCGGUCACUCGCGCGGUUUC,GCUGCCUCCUCGACGAAGUCGUCGCAGCGCGGCAGC,GGCAACUCCUAGUACUCGUGUACUCAGUGCGUUGCC,GUACGUGUCAGGUGGGCCUCUACCAUGUAGACGUAC,CUUAUUGCAGGUUAGCUAACUGACGCUAGAAGUAAG,GUAACCGUAGGGUAACGGGUUGCCGCUCAGGGUUGC,,-14.074315071105957,-13.222393989562988,-17.96230697631836,-18.654783248901367,-15.326892852783203,-20.477720260620117,-15.29206657409668,-14.067700386047363,-8.04358959197998,-13.754558563232422,,0.1743154525756836,1.0223941802978516,0.1623077392578125,0.1547832489013672,0.1268930435180664,0.07772064208984375,0.09206676483154297,0.16770076751708984,0.8435897827148438,0.1545581817626953,,0,0,0,0,0,0,0,0,0,0,,0,0,0,0,0,0,0,0,0,0,,0.0,0.0,0.0,0.0,0.0,0.0,0.0,0.0,0.0,0.0,,0.0,0.07099999999999995,0.0,0.0,0.0,0.0,0.0,0.0,0.07099999999999995,0.0,,0.0,0.138,0.0,0.0,0.0,0.0,0.0,0.0,0.138,0.0,,0,0,0,0,0,0,0,0,0,0,,41.111,87.778,150.0,56.667,72.222,118.889,10.0,25.556,103.333,134.444,,0.1743154525756836,1.0223941802978516,0.1623077392578125,0.1547832489013672,0.1268930435180664,0.07772064208984375,0.09206676483154297,0.16770076751708984,0.8435897827148438,0.1545581817626953,
3200,GUCGGGUCGCCCUGCAUGCGUAGGCGCUGUCCUGGC,GAUUUGCACGGAGGUAGCGAUCUCACGAUUCGAAUC,CUGCGUUCAGGGAGGGUUCCUUCCGCUCGCGCGCGG,GCCUCCUCCGGGGGCUAAUGCUCCGUGCGUGGGGGC,UAGCAUUCCGCGAAGCUGGCUUUGUCGUGCGUGUUA,GUGGGCUCUCUUAGCACUAGCUAGUGAUGUGCUCGC,GCCCACUCCUCUAGCUCGUGUUAGCAGUGCGUGGGC,GCUAGUGUCCUUCAGGUGCCUGAAUGGUAGGCUAGC,GGACGUACCCGUUGUACAUACGACUGGAGCACGUCU,GGUACGGUGAGGUGACAAGUUACCGUCUAGCGUACC,,-18.043228149414062,-9.497769355773926,-16.82767677307129,-20.026586532592773,-11.025547981262207,-13.777787208557129,-17.476097106933594,-16.907930374145508,-13.804610252380371,-15.556502342224121,,0.24322891235351562,0.7977695465087891,0.5276775360107422,0.22658729553222656,0.7255477905273438,0.2777872085571289,0.07609748840332031,0.10793113708496094,0.7046098709106445,0.45650196075439453,,0,0,0,0,0,0,0,0,0,0,,0,0,0,0,0,0,0,0,0,0,,0.0,0.0,0.0,0.0,0.0,0.0,0.0,0.0,0.0,0.0,,0.0,0.07099999999999995,0.0,0.0,0.0,0.0,0.0,0.0,0.0,0.0,,0.0,0.138,0.0,0.0,0.0,0.0,0.0,0.0,0.0,0.0,,0,0,0,0,0,0,0,0,0,0,,41.111,103.333,150.0,56.667,72.222,134.444,10.0,25.556,87.778,118.889,,0.24322891235351562,0.7977695465087891,0.5276775360107422,0.22658729553222656,0.7255477905273438,0.2777872085571289,0.07609748840332031,0.10793113708496094,0.7046098709106445,0.45650196075439453,
3300,GUGUUGUCUCUGUAUCUGCGUGCGCGAUGUCGACGC,UAGCGCCGCGAUGCCGAAGGGCAUACGACUGUGCUG,CUUGGCACGUCUCCGUACGCGGGGUACAGAGCUAAG,CAUCAAUCCGGGCUCUCUUGAGCCGUGAGUUUGAUG,CACCGUUCCGUUAUGAUCGCAUAAUCGUGCGCGGUG,GGGUUUUCCACUCGUAAUUAUGGGUUGCGCAAGCCC,GGGACCUCCUCUUCGUCCGCGGAGUAGUGCGGUCCC,GUUUAUGUCCCUGGGGGGUCUUAGUGGUAGAUAAAC,CUUCAUACACCGGUGCGCACACUGCGUAGCAUGAAG,GACGAUGCGACGCCAGGUCUGGCGAUCUGGAUCGUC,,-9.701290130615234,-19.196340560913086,-14.857638359069824,-15.033242225646973,-13.264612197875977,-11.5804443359375,-18.711261749267578,-9.71841812133789,-11.488838195800781,-17.894176483154297,,0.4012899398803711,0.6963405609130859,0.4576387405395508,0.6332426071166992,0.4646120071411133,0.7804441452026367,0.11126136779785156,0.21841812133789062,0.688838005065918,0.19417572021484375,,0,0,0,0,0,0,0,0,0,0,,0,0,0,0,0,0,0,0,0,0,,0.0,0.0,0.0,0.0,0.0,0.0,0.0,0.0,0.0,0.0,,0.0,0.0,0.0,0.0,0.0,0.0,0.0,0.0,0.0,0.0,,0.0,0.0,0.0,0.0,0.0,0.0,0.0,0.0,0.0,0.0,,0,0,0,0,0,0,0,0,0,0,,41.111,118.889,134.444,56.667,87.778,150.0,10.0,25.556,72.222,103.333,,0.4012899398803711,0.6963405609130859,0.4576387405395508,0.6332426071166992,0.4646120071411133,0.7804441452026367,0.11126136779785156,0.21841812133789062,0.688838005065918,0.19417572021484375,
3400,GUAUGGUCCUUGCACGUAAGUGCGCAGAGUCCAUAC,GAUUGGCGGGGUGGACAAUUCCAUACCACUCUAAUC,CGGUGAACGGGCUCCAGAUGGAGCGCCAGCUCAUUG,GGUCCCUCCGACGUCCCUUGAUGUGUGUGUGGGACC,GACAAUUCCCCUAUGAAUGCAUGGUGGUGCAUUGUC,GUGGGUUUCGGCUACGUGGGUAGCUCGCACGCUCAC,GGGAUCUCCUCUGAGUCGGCUUAGUAGUGCGGUCCC,GGAGUGGUCGUUGGGGGCACUUAAUCGUAGUACUCC,GCUCUGACACUGGUUAUACGACCACGUAGAUAGAGC,CUCAGCGUGACGCAGGCUGCUGCGAUCUAGGCUGGG,,-17.614639282226562,-12.581140518188477,-15.978615760803223,-16.011625289916992,-12.1575927734375,-14.954560279846191,-15.30861759185791,-12.343820571899414,-12.678387641906738,-17.377826690673828,,0.1146392822265625,0.7811403274536133,0.47861576080322266,0.2116250991821289,0.25759315490722656,0.7545604705810547,0.10861778259277344,0.2438201904296875,0.378387451171875,0.27782630920410156,,0,0,0,0,0,0,0,0,0,0,,0,0,0,0,0,0,0,0,0,0,,0.0,0.0,0.0,0.0,0.0,0.0,0.0,0.0,0.0,0.0,,0.0,0.0,0.0,0.0,0.0,0.07099999999999995,0.0,0.0,0.0,0.0,,0.0,0.0,0.0,0.0,0.0,0.138,0.0,0.0,0.0,0.0,,0,0,0,0,0,0,0,0,0,0,,25.556,134.444,118.889,72.222,103.333,150.0,10.0,41.111,56.667,87.778,,0.1146392822265625,0.7811403274536133,0.47861576080322266,0.2116250991821289,0.25759315490722656,0.7545604705810547,0.10861778259277344,0.2438201904296875,0.378387451171875,0.27782630920410156,
3500,GGGUGGUCCUGCGCAGGACUGUGCUAGCGUCCACCC,GUUCGACUCAGGAAUAAGUAUUUCAUGCAAUUGAGC,UGCUGUACCUGCCUCUCCUGGGGCCAGAGAACGGUA,GCACAAUCCGAGUGCGAUUGCGCUACGAGUUUGUGC,UCCAAUUCUCUGCUCGGGGGAGUAUGAUGCAUUGGA,GACCGCUUCGGGGACACAGGUCCCACGCACGCGGUC,GGCCUCUCCUCUAGGUCGGCUUAGUAGUGCGGGGCC,GGAGGGGUCCCUCGUGUCAACGAGUGGCAGUCCUUC,CGAAGUAGGCGUCUCUCCAGAGGCUGCACAGCUUCG,GUAAGUGUGACGUGGGCCGCCACGAUCUAGAUUUAU,,-19.979183197021484,-6.130166530609131,-15.14714241027832,-15.443563461303711,-11.66386890411377,-20.838361740112305,-16.61067771911621,-16.72538948059082,-15.909308433532715,-10.871536254882812,,0.1791839599609375,0.9301667213439941,0.9471426010131836,0.3435630798339844,0.4638690948486328,0.7383613586425781,0.11067771911621094,0.3253898620605469,0.6093082427978516,0.47153663635253906,,0,0,0,0,0,0,0,0,0,0,,0,0,0,0,0,0,0,0,0,0,,0.0,0.0,0.03700000000000003,0.0,0.0,0.0,0.0,0.0,0.0,0.0,,0.0,0.07099999999999995,0.07099999999999995,0.0,0.0,0.07099999999999995,0.0,0.0,0.0,0.0,,0.0,0.138,0.22799999999999998,0.0,0.0,0.138,0.0,0.0,0.0,0.0,,0,0,0,0,0,0,0,0,0,0,,25.556,150.0,118.889,87.778,103.333,134.444,10.0,56.667,41.111,72.222,,0.1791839599609375,0.9301667213439941,0.9471426010131836,0.3435630798339844,0.4638690948486328,0.7383613586425781,0.11067771911621094,0.3253898620605469,0.6093082427978516,0.47153663635253906,
3600,GGGUGGUCCCUUUCAGCGCUGAGAUGGCGUCCAUCC,GUCAUUAGGCAGCAUUGGUAUGCUAGCACAAGUGGC,AGUGGUACCUUAUCGUGUUCGGUGUAGCGCACUACU,CUUCCAUUCGACGCUGGUAAGUGUGCGCAUUGGAGG,UUCCACUGUCAUUUGAAGGCAAAUCGAUCCGUGGAA,GUUACGUCACCGCAGAAGCUUGCGAGUAGCCGUGAC,GCCAACUCCUAUAGCUCGUGUUAUCAGUGCGUUGGC,GUAGGUGUCAGGUGGGGCUCUACCAUGUAGACCUAC,GUUAAUAGACUUUUGAUACCAAGACGUGCAAUUAAC,AUCUAGGUCUCCUUGGGAGUAGGGUAGCAGCUAGAU,,-15.589583396911621,-12.583817481994629,-9.869669914245605,-13.698877334594727,-11.061429977416992,-12.73904037475586,-12.99025821685791,-14.868061065673828,-5.452071189880371,-11.184383392333984,,0.18958377838134766,0.48381710052490234,0.5696697235107422,0.7988777160644531,1.261429786682129,0.6390399932861328,0.09025859832763672,0.1680612564086914,0.2520713806152344,0.6843833923339844,,0,0,0,0,0,0,0,0,0,0,,0,0,0,0,0,0,0,0,0,0,,0.0,0.0,0.0,0.0,0.040000000000000036,0.0,0.0,0.0,0.0,0.0,,0.0,0.0,0.0,0.07099999999999995,0.14300000000000002,0.0,0.0,0.0,0.0,0.0,,0.0,0.0,0.0,0.138,0.33899999999999997,0.0,0.0,0.0,0.0,0.0,,0,0,0,0,0,0,0,0,0,0,,41.111,150.0,134.444,87.778,103.333,118.889,10.0,56.667,25.556,72.222,,0.18958377838134766,0.48381710052490234,0.5696697235107422,0.7988777160644531,1.261429786682129,0.6390399932861328,0.09025859832763672,0.1680612564086914,0.2520713806152344,0.6843833923339844,
3700,GCUUGCUCCGGUGACGUUGGUCGCUCGUGUGCAGGC,GGUCUCACUCUUAAUUCAGAUUAAUGAUGAGAGACC,AGGGGCUCCAUCCUCAGUCGGGGACUGCGCGCUCUU,GCCUUCACCGGCGGGGCUACCUGCGCGCGCGGAGGU,GAGCGUACCCCAAUCACGCGAUUGCGGAGAGCGCUC,GGGACUUGCACUUUGACACCGGAGAUGACCGGUUCC,CUCCACUCCUAUCUACCGGUGGAUCAGCGCGUGGAG,GGUGUCGUCACUAAGGUUCCUUAGAUGCAGGACAUC,GAAUAGAGACUGCUGAUCACAGCACGUGCCCUGUUC,AUAGACGACGCCUGGCGGAUCGGGUCGCUGGUCUGU,,-17.956668853759766,-10.512712478637695,-13.924338340759277,-19.117738723754883,-16.677085876464844,-11.172235488891602,-13.848126411437988,-13.519806861877441,-12.001327514648438,-13.554139137268066,,0.15666961669921875,0.41271209716796875,0.6243381500244141,0.11773872375488281,0.2770862579345703,0.572235107421875,0.14812660217285156,0.11980724334716797,0.20132732391357422,0.7541389465332031,,0,0,0,0,0,0,0,0,0,0,,0,0,0,0,0,0,0,0,0,0,,0.0,0.0,0.0,0.0,0.0,0.0,0.0,0.0,0.0,0.0,,0.0,0.0,0.0,0.0,0.0,0.0,0.0,0.0,0.0,0.0,,0.0,0.0,0.0,0.0,0.0,0.0,0.0,0.0,0.0,0.0,,0,0,0,0,0,0,0,0,0,0,,56.667,134.444,150.0,72.222,118.889,103.333,10.0,41.111,25.556,87.778,,0.15666961669921875,0.41271209716796875,0.6243381500244141,0.11773872375488281,0.2770862579345703,0.572235107421875,0.14812660217285156,0.11980724334716797,0.20132732391357422,0.7541389465332031,
3800,CAUGUAUCCGGUCGAGCAUUUGGCGUGUGUUAUAUG,GAGCUCACUCUUCCCUUCGGGGGGCGAUGCGAGCUC,AUAUGUUCCUUGUCUUAUUAGGCACAGCGCACGUGU,GAGCCCUCCGACGAGUCUUUUUGUGCGCGUGGGUUC,CCCGAUUCCACUUUGAUGCCAAGGCUGUGUAUCGGG,GAUAGUUGCGAUGGUGAACGCUAUACGACCGCUGUC,GUCAUCUCCUCUCGCCCGGGUGAGCAGUGCGGUGAC,GGUUAGGUCCCUUCUGGGCAGGAGAGGUAGUUAACC,GUUCAGAGACCUUUGAUACCAGAGCGUGCCCUGAAC,GUACCUGCGCUGGAAGAAAUUCUAUGCUGGAGGUAU,,-6.668944835662842,-19.7440242767334,-8.478487968444824,-14.050117492675781,-13.373995780944824,-11.682867050170898,-15.588434219360352,-12.90219497680664,-11.875706672668457,-15.288703918457031,,0.6689448356628418,0.14402389526367188,0.5784878730773926,0.1501178741455078,0.3739957809448242,0.4828672409057617,0.08843421936035156,0.2021951675415039,0.1757068634033203,0.28870391845703125,,0,0,0,0,0,0,0,0,0,0,,0,0,0,0,0,0,0,0,0,0,,0.0,0.0,0.0,0.0,0.0,0.0,0.0,0.0,0.0,0.0,,0.0,0.0,0.0,0.0,0.0,0.0,0.0,0.0,0.0,0.0,,0.0,0.0,0.0,0.0,0.0,0.0,0.0,0.0,0.0,0.0,,0,0,0,0,0,0,0,0,0,0,,72.222,118.889,150.0,56.667,134.444,87.778,10.0,25.556,41.111,103.333,,0.6689448356628418,0.14402389526367188,0.5784878730773926,0.1501178741455078,0.3739957809448242,0.4828672409057617,0.08843421936035156,0.2021951675415039,0.1757068634033203,0.28870391845703125,
3900,GGCUGGUCCGAGUCCGUUGGGAUUGUGUGUCCAGCC,GUUCUCACGAUUACAUCAUUGUAACUCUGCGGGGGC,AGGGUUUCCACAUUAACAUUGAUGUUGCGCAACCCU,GAACUCUCAGACAUCUACUGGUGUGCUAGUGAGUUC,AACUGGUCGCCAAUGGUUCCAUUGCGCUGUCCAGUU,GGGCCGUGCAAGUGCGAUCGCACUAUGACUCGGCCC,GCCCUCUCCUACAUGCCGGCGUGUCAGUGCGGGGGC,GCUUGGGUCCGUAGGGGGACUUACUGGUAGUCAAGC,CUUAGUCGGCUGCUGAGCACAGUACGCGCAGCUAAG,GACGGGGGACUGUCAGACCUGACAUGUACGCCCGUC,,-17.197071075439453,-9.582223892211914,-11.614726066589355,-13.14016342163086,-16.263765335083008,-21.296472549438477,-16.69306755065918,-17.068939208984375,-12.547721862792969,-18.94049644470215,,0.19707107543945312,0.7822237014770508,1.214726448059082,0.24016380310058594,0.46376514434814453,0.29647254943847656,0.09306716918945312,0.16893959045410156,0.34772205352783203,0.14049720764160156,,0,0,0,0,0,0,0,0,0,0,,0,0,0,0,0,0,0,0,0,0,,0.0,0.0,0.0,0.0,0.0,0.0,0.0,0.0,0.0,0.0,,0.0,0.0,0.0,0.0,0.0,0.0,0.0,0.0,0.0,0.0,,0.0,0.0,0.0,0.0,0.0,0.0,0.0,0.0,0.0,0.0,,0,0,0,0,0,0,0,0,0,0,,72.222,118.889,150.0,41.111,134.444,87.778,10.0,25.556,56.667,103.333,,0.19707107543945312,0.7822237014770508,1.214726448059082,0.24016380310058594,0.46376514434814453,0.29647254943847656,0.09306716918945312,0.16893959045410156,0.34772205352783203,0.14049720764160156,
4000,CAAAGGUCUGGAUAUCUUGAUGUCGCAUGUCCUUUG,CAUAUGAGGGGACCUGAGUAGGUCACCACCCAUAUG,UUGCUCUCCUGCUAUAGAUAUAGCUAGCGCGGGCAA,GCACAGUCAGAUAUAUCCUUAUAUACUAGUCUGUGC,UCCGAGCCCAUGGUGAGACCACCAGUGUGUCUCGGA,GGUACGCGCUGGUGCAACCGCACCUAGACCCGUACC,GCCACCUCCUCCAUACAGGUGUGGCAGUGCGGUGGC,GGUUGGGUCGUUGGGGUCACUCAAUCGUAGUCAACC,GUUCCGAGACCGUUCAGACGAAUGCGUGCAUGGAAC,GACUCGGAAGGUCCAGCACUGGGCGCUAUGCGGGUU,,-11.607686996459961,-15.142401695251465,-12.968911170959473,-12.207834243774414,-17.222610473632812,-18.18647575378418,-18.29931640625,-13.40606689453125,-11.643352508544922,-14.093304634094238,,0.2076873779296875,0.8424015045166016,0.7689113616943359,0.3078346252441406,1.0226097106933594,0.3864765167236328,0.09931564331054688,0.20606708526611328,0.24335289001464844,0.39330482482910156,,0,0,0,0,0,0,0,0,0,0,,0,0,0,0,0,0,0,0,0,0,,0.0,0.0,0.0,0.0,0.03700000000000003,0.0,0.0,0.0,0.0,0.0,,0.0,0.0,0.07099999999999995,0.0,0.07099999999999995,0.0,0.0,0.0,0.0,0.0,,0.0,0.0,0.138,0.0,0.22799999999999998,0.0,0.0,0.0,0.0,0.0,,0,0,0,0,0,0,0,0,0,0,,56.667,134.444,150.0,41.111,118.889,103.333,10.0,25.556,72.222,87.778,,0.2076873779296875,0.8424015045166016,0.7689113616943359,0.3078346252441406,1.0226097106933594,0.3864765167236328,0.09931564331054688,0.20606708526611328,0.24335289001464844,0.39330482482910156,
4100,GACAGGUCUCUUUAACGUGUUAGAUGAUGUCCUGUC,GCAAGGACCGUCUAGCCCGCUAGAUCGAGAUUUUGC,CGGUUUUCCGUCAUAGAUGUAUGAGCGCGCGGGCCG,GAUCAGUCUGAGCGCUAGUGUGCUGCAUGUCUGAUC,CAUAAAUCCGUUGUGACAGCACAAUCGUGCUUUAUG,GGCCGUCGCACGUGCAAGAGCAUGUUGUCCGCGGCC,GGCGACUCCACGAGCCAGGGUUCGAUGUGCGUUGCC,GUUCGUGUCCUUGGGGUGACUUAAUGGUAGACGAAC,CGACUGAGACUGGUUAUAAAACUACGUGCAUAGUCG,AUCGAUGGACCGUUGCAACUAGCGUGUAUGAUUGAU,,-12.002100944519043,-11.67617416381836,-11.331361770629883,-15.747642517089844,-8.937650680541992,-19.161439895629883,-16.87676429748535,-15.194306373596191,-9.832296371459961,-8.363105773925781,,0.2021007537841797,0.27617454528808594,1.4313621520996094,0.1476421356201172,0.4376506805419922,1.0614395141601562,0.07676506042480469,0.1943063735961914,0.6322965621948242,0.8631057739257812,,0,0,0,0,0,0,0,0,0,0,,0,0,0,0,0,0,0,0,0,0,,0.0,0.0,0.0,0.0,0.0,0.0,0.0,0.0,0.0,0.0,,0.0,0.0,0.07099999999999995,0.0,0.0,0.0,0.0,0.0,0.0,0.0,,0.0,0.0,0.138,0.0,0.0,0.0,0.0,0.0,0.0,0.0,,0,0,0,0,0,0,0,0,0,0,,41.111,150.0,134.444,56.667,103.333,118.889,10.0,25.556,87.778,72.222,,0.2021007537841797,0.27617454528808594,1.4313621520996094,0.1476421356201172,0.4376506805419922,1.0614395141601562,0.07676506042480469,0.1943063735961914,0.6322965621948242,0.8631057739257812,
4200,CUUUGGUCCCAGUAGCGAGCUGCUCGGCGUCCGAAG,GUGCUCAGGCUGCACGAGGGUGCACGCACCGGGCAC,GGCAUUCCCGGCCGUACCUAUGGCUCGAGCAGUGCC,CCGGAGUCUGACUGGUAUUCCGGUGCAUGUCUCUGG,UACAAUUCCUCGUGGUAGGCCGCGUAGUGCAUUGUA,GUCUUCUCGUAUGGUACCUAUCGUCACUGCGAAGAC,GCCCACUCCACCAGCCAGGGUUGGAUGUGCGUGGGC,UCUGGCGUCCCUAAUCGCGAUUAGUGGCAGGCCGGA,GUAUUUAGACCUAGCCUCCGCUAGCGUGCAAAGUGC,GUAAAUGGGCGGCCGCGCCUGGCCUGCGUGAUUUAC,,-15.44705581665039,-18.26670265197754,-16.132017135620117,-16.101163864135742,-12.867515563964844,-9.396784782409668,-20.169864654541016,-15.790406227111816,-10.032029151916504,-13.782705307006836,,0.14705562591552734,0.3667030334472656,0.6320171356201172,0.20116424560546875,0.4675159454345703,0.49678516387939453,0.06986427307128906,0.2904062271118164,0.23202896118164062,0.6827049255371094,,0,0,0,0,0,0,0,0,0,0,,0,0,0,0,0,0,0,0,0,0,,0.0,0.0,0.0,0.0,0.0,0.0,0.0,0.0,0.0,0.0,,0.0,0.0,0.0,0.0,0.0,0.0,0.0,0.0,0.0,0.0,,0.0,0.0,0.0,0.0,0.0,0.0,0.0,0.0,0.0,0.0,,0,0,0,0,0,0,0,0,0,0,,25.556,150.0,118.889,72.222,87.778,134.444,10.0,41.111,103.333,56.667,,0.14705562591552734,0.3667030334472656,0.6320171356201172,0.20116424560546875,0.4675159454345703,0.49678516387939453,0.06986427307128906,0.2904062271118164,0.23202896118164062,0.6827049255371094,
4300,GCGAGGUCACAGUCUCGUGAGACUCGUCGUCCUUGC,GUUAUAAGCGUUCCGAGCGCGGGGUCGACAUGUGGC,AUCCGGUGAGGGUUGAUAUCGACCUCUACCCCGGGU,ACACGGUCGGAUCGGGGGGCUGAUGCCUGUCUGUGU,GGUAAUUCCGCAUUUAGAGAAAUGUCGUGCAUUGCC,GUCGGGUCUACUAGCACCUGUUAGCUAUGUCCUGAC,GCCACCUCCGGGAGGCCCGCUUCCACGUGCGGUGGC,GGGCGGGUCACUCGGGGCACUGAGAUGUAGCCGCCC,GUAGUGACACUUUUGAUAUCAGAACGUAGACACUGC,AUCGCUGGGCAGUACCUAAGUACUCGCGUGGGCGAU,,-15.59732723236084,-9.926239967346191,-16.91485595703125,-14.192676544189453,-9.559612274169922,-13.371962547302246,-20.964733123779297,-20.709823608398438,-9.611428260803223,-15.056796073913574,,0.1973276138305664,0.526240348815918,1.1148557662963867,0.6926765441894531,0.35961246490478516,0.5719623565673828,0.06473350524902344,0.10982322692871094,0.3114280700683594,0.5567960739135742,,0,0,0,0,0,0,0,0,0,0,,0,0,0,0,0,0,0,0,0,0,,0.0,0.0,0.0,0.0,0.0,0.0,0.0,0.0,0.0,0.0,,0.0,0.0,0.0,0.0,0.0,0.0,0.0,0.0,0.0,0.0,,0.0,0.0,0.0,0.0,0.0,0.0,0.0,0.0,0.0,0.0,,0,0,0,0,0,0,0,0,0,0,,25.556,134.444,103.333,87.778,72.222,150.0,10.0,41.111,118.889,56.667,,0.1973276138305664,0.526240348815918,1.1148557662963867,0.6926765441894531,0.35961246490478516,0.5719623565673828,0.06473350524902344,0.10982322692871094,0.3114280700683594,0.5567960739135742,
4400,GUCUGGUCACAGGUUCCAGAGCCUCGUCGUCCGGAC,CUGCUGCGGCUUCCGUUCGCGGAGCGCUCCCAGCAG,UCUUGGUGAGGAUGAUCAUUUAUCGCUGCUCCGAGA,GGUCAGUCAGAGUUUUCUUAAGCUGCUAGUCUGACC,GACGAUUCCGGUUUGAGUGCAAACUCGUGCGUCGUC,GGUACUUGCGGGUGGAAUGCUGCCUCGACCGGUGCC,GUGCACUCCGGGUAGGCCGCUGCCGCGUGCGUGCAC,GGUGUCGUCCUUAUUGUCAAAUAAUGGUAGGACGCC,GGUAAUACCUCUGAGCUAACUCGGCAGAGAGUUACC,AGAGAAGGGCUGUGGGGUUCCGCAUGCGUGUUCUUU,,-15.267269134521484,-18.33211898803711,-12.147130966186523,-13.346656799316406,-13.31104850769043,-15.754076957702637,-18.20822525024414,-13.174560546875,-12.054023742675781,-12.741991996765137,,0.2672691345214844,0.5321197509765625,0.34713077545166016,0.2466564178466797,0.41104888916015625,0.9540767669677734,0.10822486877441406,0.174560546875,0.35402393341064453,0.6419916152954102,,0,0,0,0,0,0,0,0,0,0,,0,0,0,0,0,0,0,0,0,0,,0.0,0.0,0.0,0.0,0.0,0.0,0.0,0.0,0.0,0.0,,0.0,0.0,0.0,0.0,0.0,0.14300000000000002,0.0,0.0,0.0,0.0,,0.0,0.0,0.0,0.0,0.0,0.244,0.0,0.0,0.0,0.0,,0,0,0,0,0,0,0,0,0,0,,41.111,134.444,87.778,103.333,56.667,150.0,10.0,25.556,118.889,72.222,,0.2672691345214844,0.5321197509765625,0.34713077545166016,0.2466564178466797,0.41104888916015625,0.9540767669677734,0.10822486877441406,0.174560546875,0.35402393341064453,0.6419916152954102,
4500,GGCUGGUCACAGUACCUACGUGCUCGUAGUCCAGCC,GUGGUCACUCUUAACUAGGGUUAGCGAAGCGGCCGC,CUCGGGCGAGGGUCGUAUUCGGCCGCUGCUCCCGGG,ACGGCUAGAGAGUGCUAUUGCACUGCUGCAAGCCGU,GACUAUUCUCGUAUCAUAGGAUGCUGAUGCAUAGUC,GGGCGACUCCGCGUCAAUUGGCGCAGGCAUUCGCCC,GGGACCUCCGGUCCGCCGGCGGACGCGUGCGGUCCC,GCGUAGGUCAGUUAUGCGCAUGACAUGUAGUUACGC,GUGUGACCCAUUGCCAUACGGCGACUGUGAUCACAC,AGAUCAGGACCUUAAGGAAUUAGGUGUGCGUGAUUU,,-16.98807144165039,-12.539909362792969,-18.594030380249023,-17.68675422668457,-10.482810974121094,-20.199649810791016,-23.0695743560791,-10.668198585510254,-14.522383689880371,-9.483903884887695,,0.18807220458984375,0.7399091720581055,0.19403076171875,0.38675498962402344,0.3828105926513672,0.5996494293212891,0.06957435607910156,0.1681985855102539,0.42238330841064453,0.7839040756225586,,0,0,0,0,0,0,0,0,0,0,,0,0,0,0,0,0,0,0,0,0,,0.0,0.03700000000000003,0.0,0.0,0.0,0.0,0.0,0.0,0.0,0.0,,0.0,0.07099999999999995,0.0,0.0,0.0,0.07099999999999995,0.0,0.0,0.0,0.0,,0.0,0.22799999999999998,0.0,0.0,0.0,0.138,0.0,0.0,0.0,0.0,,0,0,0,0,0,0,0,0,0,0,,56.667,150.0,72.222,118.889,41.111,134.444,10.0,25.556,103.333,87.778,,0.18807220458984375,0.7399091720581055,0.19403076171875,0.38675498962402344,0.3828105926513672,0.5996494293212891,0.06957435607910156,0.1681985855102539,0.42238330841064453,0.7839040756225586,
4600,CAUUGGUCGCCCGUACUGGUAUGGCGCUGUCCGAUG,GAUCGUACGCUUAACCACGGUUAGUGCCGAACGAUC,CGCGGACGAGGGUCCGAACGGGCCGCUGCUUCUGUG,GCUCAAACCGGGCACUUGGGUGUCGCGAGCUUGAGU,ACCAAUUCUCGUGACAGGGGUCGCUGAUGCAUUGGU,ACGCCUCCUCCCACGAAUUCGUGGUGAUGCGGGUGU,GCCUACUCCGGCAGGCCAGCUUGCGCGUGCGUGGGC,GUUUGUGUCCCUUAGGGCCCUGAGAGGUAGACAAGC,GUCGGCUCACUGUUGAGCUCAAUACGUCGCGUCGAC,UGAUGCGUCCUUUGAGGAAUCAGAUGGUGGGUAUUA,,-14.977025985717773,-12.681356430053711,-16.1940860748291,-14.52523136138916,-12.132590293884277,-17.31861686706543,-18.465837478637695,-14.01501178741455,-11.889532089233398,-9.439275741577148,,0.2770261764526367,0.6813564300537109,0.2940864562988281,0.22523117065429688,0.5325899124145508,0.7186164855957031,0.06583786010742188,0.11501216888427734,0.18953227996826172,0.8392753601074219,,0,0,0,0,0,0,0,0,0,0,,0,0,0,0,0,0,0,0,0,0,,0.0,0.03700000000000003,0.0,0.0,0.0,0.0,0.0,0.0,0.0,0.0,,0.0,0.07099999999999995,0.0,0.0,0.0,0.0,0.0,0.0,0.0,0.0,,0.0,0.22799999999999998,0.0,0.0,0.0,0.0,0.0,0.0,0.0,0.0,,0,0,0,0,0,0,0,0,0,0,,72.222,150.0,56.667,134.444,41.111,118.889,10.0,25.556,87.778,103.333,,0.2770261764526367,0.6813564300537109,0.2940864562988281,0.22523117065429688,0.5325899124145508,0.7186164855957031,0.06583786010742188,0.11501216888427734,0.18953227996826172,0.8392753601074219,
4700,GUUUGAUCCCAGUAGCUCGCUGCUCGGCGUUCAAAU,CAUAGGAGCUUUCCAUAAUUGGAACAGACACCUAUG,CUCUGUUGAGACUGCUCUCGUAGUGCUGCCACGGAG,GCACGAUGUGACCCGACCCCGGGUGCAGCUUUGUGU,GACAAUUCUCCGUUCGUGGGAACGUGAUGCAUUGUC,GCGAGUUCCACGGCCCAUUGGUCGUUGAGCACUCGC,GGGAACUCCGGCAAGUCUGCUUGCGCGAGCGUUCCC,GGUUUGGUCAGUCGGGUCUCUGACAUGUAGUAAGCC,GCUUGUUCCCUUGGCUUCAGCCGACGGCGCACAAGU,GGAGAGGUCAGUUAGCCUUCUAGCGUGCAGCUUUCU,,-12.43606948852539,-12.927618980407715,-12.224135398864746,-15.262730598449707,-11.962959289550781,-17.74587059020996,-18.683212280273438,-11.54324722290039,-15.08604621887207,-9.91103744506836,,0.6360692977905273,0.42761898040771484,0.2241353988647461,1.1627302169799805,0.26295948028564453,1.445871353149414,0.08321189880371094,0.1432476043701172,0.28604602813720703,0.5110378265380859,,0,0,0,0,0,0,0,0,0,0,,0,0,0,0,0,0,0,0,0,0,,0.0,0.0,0.0,0.040000000000000036,0.0,0.12,0.0,0.0,0.0,0.0,,0.0,0.0,0.0,0.14300000000000002,0.0,0.21399999999999997,0.0,0.0,0.0,0.0,,0.0,0.0,0.0,0.33899999999999997,0.0,0.629,0.0,0.0,0.0,0.0,,0,0,0,0,0,0,0,0,0,0,,87.778,134.444,41.111,150.0,56.667,103.333,10.0,25.556,72.222,118.889,,0.6360692977905273,0.42761898040771484,0.2241353988647461,1.1627302169799805,0.26295948028564453,1.445871353149414,0.08321189880371094,0.1432476043701172,0.28604602813720703,0.5110378265380859,
4800,CUCUGGUCCCAGUAAACCCUUACUCGGUGUCCAGAG,AGAUGGAGGCUGAAUGUAAAUUCAUGCGCACCGUUU,CGUGGAUGAGGGCUCUCUUGGGCCGCUGCCUCUAUG,GCAAGACGUGACGCGAUGCCGCGUGCAACUUUUUGU,GGGUAGUCCUCUACGCAGGCGUGGCAGUGCCUAUCC,GGUCCUUCUCCUGGGACGUCCUAGCGACGUAGGGCC,GCCCACUCCGGAUGCUCCUGCGUCGCGUGCGUGGGC,GCUAGUGUCCGUCAGGUGCCUGACUGGUAGGCUAGC,CUUCAUCCCAUUGUAGAACUACGACUGCGCGUGAAG,GGACAUGACACGUCCGGCAGGGCGGUGCUGGUGUUC,,-15.554522514343262,-11.100717544555664,-14.424290657043457,-12.303359031677246,-14.187832832336426,-17.231481552124023,-20.764780044555664,-18.53487205505371,-8.91063117980957,-14.72286319732666,,0.354522705078125,0.5007171630859375,0.32429027557373047,1.1033592224121094,0.28783321380615234,0.43148231506347656,0.06477928161621094,0.1348724365234375,0.4106311798095703,0.6228628158569336,,0,0,0,0,0,0,0,0,0,0,,0,0,0,0,0,0,0,0,0,0,,0.0,0.0,0.0,0.040000000000000036,0.0,0.0,0.0,0.0,0.0,0.03700000000000003,,0.0,0.0,0.0,0.14300000000000002,0.0,0.0,0.0,0.0,0.0,0.07099999999999995,,0.0,0.0,0.0,0.33899999999999997,0.0,0.0,0.0,0.0,0.0,0.22799999999999998,,0,0,0,0,0,0,0,0,0,0,,87.778,118.889,41.111,150.0,56.667,103.333,10.0,25.556,72.222,134.444,,0.354522705078125,0.5007171630859375,0.32429027557373047,1.1033592224121094,0.28783321380615234,0.43148231506347656,0.06477928161621094,0.1348724365234375,0.4106311798095703,0.6228628158569336,
4900,GAUGGCUCCACAUUAAGGGUGAUGCUGCGUGCUAUC,CUUUGCCGGAUUGAUGUAUAUCAACUCUCAGCGAGG,UCGCGGCGAGGCUUGAAAUCGAGCGCUGCACCGCGA,GUUGGAUCGGAUGUCUAGCGACAUGCCUGUUUCAAU,CACUGUUCCCUUAUGUAUGCAUGAUGGUGCACAGUG,GCCGUUUCUCCUAAUAAUAGUUGGUGAUGUAAUGGC,GCCAACUCCGGUACGCCCGCGUACGCGUGCGUUGGC,UCACGCGUCGUUAUUGGCAAAUAGUCGUAGGCGUGA,CUUAAUCCCGGAGGUGUCAGCCUCACGUGCAUUAAG,GAGGCAGGAGGGGUCGGGCGAUCCGCUACGUGCCUU,,-10.818607330322266,-9.584522247314453,-18.963388442993164,-10.903698921203613,-13.176027297973633,-10.377642631530762,-18.27285385131836,-12.753961563110352,-12.645805358886719,-18.1496639251709,,0.3186073303222656,0.8845224380493164,0.26338768005371094,1.10369873046875,0.37602710723876953,0.5776424407958984,0.07285308837890625,0.3539619445800781,0.5458049774169922,0.249664306640625,,0,0,0,0,0,0,0,0,0,0,,0,0,0,0,0,0,0,0,0,0,,0.0,0.0,0.0,0.0,0.0,0.0,0.0,0.0,0.0,0.0,,0.0,0.0,0.0,0.07099999999999995,0.0,0.0,0.0,0.0,0.0,0.0,,0.0,0.0,0.0,0.138,0.0,0.0,0.0,0.0,0.0,0.0,,0,0,0,0,0,0,0,0,0,0,,72.222,103.333,56.667,134.444,41.111,118.889,10.0,25.556,87.778,150.0,,0.3186073303222656,0.8845224380493164,0.26338768005371094,1.10369873046875,0.37602710723876953,0.5776424407958984,0.07285308837890625,0.3539619445800781,0.5458049774169922,0.249664306640625,
5000,GACUGCUCUCAUGUCACUGGGCGUCGAUGUGCAGUC,CUAGGUCGCUGUCAUAUCGAUGACUAGACUAUCUGG,GGUGGAUGAGGGUGGAGAUCUACCGCUGCCUCUACC,GCUCGCUCAGAGUCGAAGUCGACUGCUCGUGUGAGC,GACAAUUCCGUGUUCAUAGGAAUAUCGUGCGUUGUC,GCGCCCUCCCCAUUCACUAGGAUGCGGUGUGGGUGC,GCCUACUCCGGGAAGUCCUCUUCCACGAGCGUGGGC,GGCUUGGUACUCGGGGGCCCUCGAUGUCAGUAAGCC,CUUAGUACCGGGGGCAGCCGCCUCACGUGAGCUAAG,UUCCAUGGAGAGUGAGAAAUCGCUGCUGCGAUGGGA,,-14.417927742004395,-10.563319206237793,-15.375788688659668,-16.90629768371582,-10.037334442138672,-18.665691375732422,-18.084190368652344,-14.92359447479248,-15.700302124023438,-15.815739631652832,,0.31792736053466797,0.7633190155029297,0.17578887939453125,0.2062969207763672,0.33733463287353516,0.26569175720214844,0.08419036865234375,0.12359428405761719,0.30030250549316406,0.815739631652832,,0,0,0,0,0,0,0,0,0,0,,0,0,0,0,0,0,0,0,0,0,,0.0,0.0,0.0,0.0,0.0,0.0,0.0,0.0,0.0,0.0,,0.0,0.0,0.0,0.0,0.0,0.0,0.0,0.0,0.0,0.0,,0.0,0.0,0.0,0.0,0.0,0.0,0.0,0.0,0.0,0.0,,0,0,0,0,0,0,0,0,0,0,,56.667,87.778,72.222,118.889,41.111,134.444,10.0,25.556,103.333,150.0,,0.31792736053466797,0.7633190155029297,0.17578887939453125,0.2062969207763672,0.33733463287353516,0.26569175720214844,0.08419036865234375,0.12359428405761719,0.30030250549316406,0.815739631652832,
5100,GUAUCAUCUCUUCAAAUGCUUGGACGAUGUUGGUAC,GUUGGCCGGCUUCAGUGAACUGGGUGCACUGCUAGC,UGGGGCCGAGGACGGUGUUCUGUCGCUGCAGCUCUA,GAGCCAUCCGAGGGCUAUUGCCCUGCGUGUUGGCUC,CUUAAUUCCUCAUUCGAACGAGUGUAGUGCAUUGGG,AGUAGCUCCUAUAAUCCUAAUUGUCAGUGUGUUGCU,GCCCACUCCAGGUAGUCGACUGCCAUGUGCGUGGGC,GGAUGGGUACCUAAGGGCACUUAGUGUCAGCCAUUC,GGAUGAACAGCUGUGAUACCACGGACUCGCUCGUCC,GGAAGUGAAGUGUAACAAUUUACGGCUGUGGCUUUC,,-7.858604431152344,-14.76711654663086,-13.964975357055664,-21.545679092407227,-7.926734447479248,-7.224767208099365,-19.476957321166992,-12.851192474365234,-13.717555046081543,-8.15966510772705,,0.658604621887207,0.36711692810058594,0.5649757385253906,0.2456798553466797,0.3267345428466797,0.6247673034667969,0.07695770263671875,0.15119266510009766,0.21755504608154297,1.1596651077270508,,0,0,0,0,0,0,0,0,0,0,,0,0,0,0,0,0,0,0,0,0,,0.0,0.0,0.0,0.0,0.0,0.0,0.0,0.0,0.0,0.03700000000000003,,0.0,0.0,0.0,0.0,0.0,0.0,0.0,0.0,0.0,0.07099999999999995,,0.0,0.0,0.0,0.0,0.0,0.0,0.0,0.0,0.0,0.22799999999999998,,0,0,0,0,0,0,0,0,0,0,,56.667,72.222,87.778,103.333,41.111,150.0,25.556,10.0,118.889,134.444,,0.658604621887207,0.36711692810058594,0.5649757385253906,0.2456798553466797,0.3267345428466797,0.6247673034667969,0.07695770263671875,0.15119266510009766,0.21755504608154297,1.1596651077270508,
5200,CUAGGGUCUCCGCAUACUGAUGCGCGAUGUCCUUAG,CUGGCCCGAGACCACCUAGGUGGUUCUGCUGGUCGG,AUAGUUCGAGAGUCGUAUGCGGCUGCUGCAAAUUGU,GGGCAUUCCGAGAGUAGGGAUUCUGCGAGUAUGCCC,GACUGUUCCCCAGUGGUGCCACUGUGGUGCACAGUC,GCUUCGUGCUCGGGCCCUCGCUCGCAGACCCGAGGC,GGCAUCUCCAGGUCCUCGUGGGCCAUGUGCGGUGCC,GCGCAGGUACCGAGUGACAAUUCGAGUCAGUUGUGC,GAGAAAACCGGCGUCCCAUGAUGCGCGAGCUUUUUU,CGCGUGGCAGACAGCGUUUGCUGUGCUGGGCAUGUG,,-14.578617095947266,-17.82395362854004,-8.680506706237793,-14.432568550109863,-18.199806213378906,-15.769434928894043,-18.692384719848633,-12.328143119812012,-9.252306938171387,-15.702523231506348,,0.27861690521240234,1.0239543914794922,0.5805063247680664,0.3325681686401367,0.19980621337890625,0.36943531036376953,0.09238433837890625,0.128143310546875,0.6523065567016602,0.5025234222412109,,0,0,0,0,0,0,0,0,0,0,,0,0,0,0,0,0,0,0,0,0,,0.0,0.03700000000000003,0.0,0.0,0.0,0.0,0.0,0.0,0.0,0.0,,0.0,0.07099999999999995,0.0,0.0,0.0,0.0,0.0,0.0,0.0,0.0,,0.0,0.22799999999999998,0.0,0.0,0.0,0.0,0.0,0.0,0.0,0.0,,0,0,0,0,0,0,0,0,0,0,,56.667,72.222,103.333,87.778,41.111,150.0,25.556,10.0,134.444,118.889,,0.27861690521240234,1.0239543914794922,0.5805063247680664,0.3325681686401367,0.19980621337890625,0.36943531036376953,0.09238433837890625,0.128143310546875,0.6523065567016602,0.5025234222412109,
5300,GGAUGGUCUGGAUAGACCCCUGUCGCAUGUCCAUCU,GUGGUCCGGAUUAAUGAAUGUUAGCUCACUGAUCAC,AUCGGUCGAGAGUCGAGAGCGGCUACUGCUACUGGU,GGUCUCUCUGAGUGUUCGUACGCUACACGUGAGACC,GGCAAUUCCAUUAUGAUACCAUGACUGUGCAUUGCC,AUCAUACUCCACGUCAAGUGACGUCGGCAAUAUGAU,GUCCUCUCCAGUCACUCGUGUGACAUGUGCGGGGAC,GGUUUGGUACCUUGGGUGACUAAGAGUCAGUAAACC,GUUCGGGCCAUUAACAGACGUUGACUGAGACCGAAC,UUCCAUGCGGAUGAAGAAGUUCGUGCCUGGAUGGGA,,-14.296317100524902,-8.568102836608887,-11.201751708984375,-15.468011856079102,-10.206758499145508,-12.303242683410645,-16.80171775817871,-13.904125213623047,-11.5015230178833,-12.001670837402344,,0.3963174819946289,0.5681028366088867,0.701751708984375,0.368011474609375,0.2067584991455078,0.9032430648803711,0.10171699523925781,0.1041250228881836,0.5015230178833008,1.0016708374023438,,0,0,0,0,0,0,0,0,0,0,,0,0,0,0,0,0,0,0,0,0,,0.0,0.0,0.0,0.0,0.0,0.0,0.0,0.0,0.0,0.0,,0.0,0.0,0.0,0.0,0.0,0.07099999999999995,0.0,0.0,0.0,0.0,,0.0,0.0,0.0,0.0,0.0,0.138,0.0,0.0,0.0,0.0,,0,0,0,0,0,0,0,0,0,0,,56.667,87.778,118.889,72.222,41.111,134.444,10.0,25.556,150.0,103.333,,0.3963174819946289,0.5681028366088867,0.701751708984375,0.368011474609375,0.2067584991455078,0.9032430648803711,0.10171699523925781,0.1041250228881836,0.5015230178833008,1.0016708374023438,
5400,CCUGGGUCUCUGCAGACUCCUGUGUGAUGUCCUAGG,GUUAUGCACGCUGACGCCGGUUAGUCGAUUCGUGGC,GUUGGUCGCUACUGUAAACAUAGUGAGACAACCGAC,GUGCAGUCAGAAUAUUGGGAUAUUGCUAGUCUGUAC,GACUGUUCCACCGUGUUUCCACGGCUGUGCACAGUC,CUCCGUCUCUGCGUCCACGGACGCCAGCAAAUGGAG,GCCAUCUCCGGGCACUCGUGUGCCACGUGCGGUGGC,GCACGGGUACCUUAGGCCUCUAAGUGUCAGUCGUGC,GGCGGUGCCAGUGACCGACGUCACAUGAGGACUGCU,AUCCAUGUCAAGUCGCAGGUGGCUGUGCAGAUGGGU,,-14.115160942077637,-9.628296852111816,-10.904376983642578,-9.179323196411133,-15.46511459350586,-16.624231338500977,-20.57354736328125,-13.36452579498291,-16.149776458740234,-11.321660995483398,,0.31516075134277344,0.9282970428466797,1.0043773651123047,0.2793235778808594,0.1651144027709961,1.02423095703125,0.07354736328125,0.16452598571777344,0.3497762680053711,0.8216609954833984,,0,0,0,0,0,0,0,0,0,0,,0,0,0,0,0,0,0,0,0,0,,0.0,0.0,0.0,0.0,0.0,0.040000000000000036,0.0,0.0,0.0,0.0,,0.0,0.07099999999999995,0.0,0.0,0.0,0.14300000000000002,0.0,0.0,0.0,0.0,,0.0,0.138,0.0,0.0,0.0,0.33899999999999997,0.0,0.0,0.0,0.0,,0,0,0,0,0,0,0,0,0,0,,72.222,103.333,134.444,56.667,41.111,118.889,10.0,25.556,150.0,87.778,,0.31516075134277344,0.9282970428466797,1.0043773651123047,0.2793235778808594,0.1651144027709961,1.02423095703125,0.07354736328125,0.16452598571777344,0.3497762680053711,0.8216609954833984,
5500,GUUUGCUCUCACUUAAGGAUGGGUCGACGUGCAAAC,CAUGUUCUCCCGGAUAACGAUCUGAGGCAUAGCAUG,GUGGAGUCAGUCAUCAUCCGAUGGGCUCGUCUCUGC,CCUUAGUCAGACUAUUGAGAUGGUGCUAGUCUGGGG,GACUAUUCCAUUAUGUUCCCAUGACUGUGCAUAGUC,ACGUUUCCCCUAUUGGAUUCAGUAAGGUGCAGACGU,GCCCACUCCGGGUCGCCCGCGGCCGCGUGCGUGGGC,GGUUUGGUCCUGCUAGUGAUAGCAUGGUAGUAAGCC,GUCGGUGCGCUGAAGCUCACUUUACGCUGGGCUGAC,GUUGCUGCCAGUUGACAAGUCAGCGUGCGGAGCAAC,,-9.828533172607422,-10.87286376953125,-12.904186248779297,-10.407771110534668,-8.059849739074707,-10.510702133178711,-22.268091201782227,-14.91006851196289,-12.980691909790039,-15.344983100891113,,0.5285329818725586,0.7728633880615234,1.3041858673095703,0.40777111053466797,0.25984954833984375,1.3107023239135742,0.06809043884277344,0.11006832122802734,0.28069210052490234,0.24498271942138672,,0,0,0,0,0,0,0,0,0,0,,0,0,0,0,0,0,0,0,0,0,,0.0,0.0,0.04800000000000004,0.0,0.0,0.04400000000000004,0.0,0.0,0.0,0.0,,0.0,0.07099999999999995,0.28600000000000003,0.0,0.0,0.21399999999999997,0.0,0.0,0.0,0.0,,0.0,0.138,0.503,0.0,0.0,0.42800000000000005,0.0,0.0,0.0,0.0,,0,0,0,0,0,0,0,0,0,0,,87.778,118.889,150.0,41.111,56.667,103.333,10.0,25.556,134.444,72.222,,0.5285329818725586,0.7728633880615234,1.3041858673095703,0.40777111053466797,0.25984954833984375,1.3107023239135742,0.06809043884277344,0.11006832122802734,0.28069210052490234,0.24498271942138672,
5600,CUAUGCUCGCGUCAUAGAGAUGGCUGCAGUGCAUGG,GCUGGCCCGUCGCAGGCCGCUGUGUACAGCGCCAGC,UGCUGUUCCUGACGGUGACCUGUCUAGCGCGCGGUA,GAUGAGUCAGACCAGUAAUCUGGUGCUAGUCUCAUC,UCCAAUUCCAUUUACGACCGUGAACUGUGCAUUGGA,GUGACUUCCUAGUUCACAUGGAUUCAGCGCGGUCAC,GGGACCUCCUCUAGCCACGGUUAGUAGUGCGGUCCC,GGUUAUGUCCUUAGGGUGACUUAAUGGUAGAUAAUC,CAAUAUGCGCUUAUUCCACGAUAAUGCUGGGUGUUG,GAAGCUGUCGGUGAUCCUGAUCGCGCGCAGAGUUUC,,-13.221303939819336,-18.533729553222656,-12.10567569732666,-15.545924186706543,-9.277335166931152,-10.41318416595459,-18.60078239440918,-11.668522834777832,-7.547871112823486,-12.556936264038086,,0.42130374908447266,1.4337291717529297,0.8056755065917969,0.14592456817626953,0.3773355484008789,0.41318416595458984,0.10078239440917969,0.16852283477783203,0.3478713035583496,0.1569366455078125,,0,0,0,0,0,0,0,0,0,0,,0,0,0,0,0,0,0,0,0,0,,0.0,0.03700000000000003,0.0,0.0,0.0,0.0,0.0,0.0,0.0,0.0,,0.0,0.07099999999999995,0.0,0.0,0.0,0.0,0.0,0.0,0.0,0.0,,0.0,0.22799999999999998,0.0,0.0,0.0,0.0,0.0,0.0,0.0,0.0,,0,0,0,0,0,0,0,0,0,0,,103.333,134.444,150.0,25.556,72.222,87.778,10.0,41.111,118.889,56.667,,0.42130374908447266,1.4337291717529297,0.8056755065917969,0.14592456817626953,0.3773355484008789,0.41318416595458984,0.10078239440917969,0.16852283477783203,0.3478713035583496,0.1569366455078125,
5700,GCCGGCUCGCUUAUAAGCCUGUGACGCUGCGCUGGC,UUACAUACCCUGAGCAUCCGUUCGCGGCGCAUGUGA,AUCUGCUCCUGCUCCUCUUGGGGCUAGCGUGCGGAU,GAACUGUCCGACCUCUCUUGAGGUACGAGUCAGUUC,UAGUAUCCCGAUCUGGCUCCAGGUGCGUGCAUAUUA,GGCGGCUCCUCGUCCCAUAGGACGCAGUGCGUCGCC,GCCCACUCCUCCGAGCAGGUUUGGCAGUGCGUGGGC,GUUUAGGUCUUUACUCUGGGGUGAUAGUAGUUAAAC,CGAACUGCGCUUGUUUUAAGACAAUGCUGGGGUUCG,GUGACUGUCAGUUGACAGGUCAGCGUGCAGAGUCAU,,-13.927430152893066,-10.543487548828125,-17.307680130004883,-17.37157440185547,-9.713979721069336,-19.15235710144043,-17.091527938842773,-7.062348365783691,-13.233546257019043,-13.084714889526367,,0.4274301528930664,0.543487548828125,0.5076808929443359,0.07157516479492188,0.7139797210693359,0.1523571014404297,0.09152793884277344,0.2623481750488281,0.4335460662841797,0.4847145080566406,,0,0,0,0,0,0,0,0,0,0,,0,0,0,0,0,0,0,0,0,0,,0.0,0.0,0.0,0.0,0.0,0.0,0.0,0.0,0.0,0.0,,0.0,0.0,0.0,0.0,0.0,0.0,0.0,0.0,0.0,0.0,,0.0,0.0,0.0,0.0,0.0,0.0,0.0,0.0,0.0,0.0,,0,0,0,0,0,0,0,0,0,0,,118.889,150.0,134.444,10.0,87.778,72.222,25.556,41.111,103.333,56.667,,0.4274301528930664,0.543487548828125,0.5076808929443359,0.07157516479492188,0.7139797210693359,0.1523571014404297,0.09152793884277344,0.2623481750488281,0.4335460662841797,0.4847145080566406,
5800,GCCUGGUCUCUGCCGAUCGCGGCAUGAUGUCCAGGU,AGAGUUAUCCUGGGCAUGUGCCUGUGGCAAGACUUU,GUUUGUUCCGUCUUCUAAGGAGGAUCGUGCACGAAC,GUAUAGUCCGAGCUCUGGAGAGCUGCGAGUCUGUGC,UACAAUUCUGAUGUCAUACGACGUGCAUGCAUUGUA,GCUCCGUCCUCGCACACUCGUGCGUAGUGUCGGGGC,GUCAUCUCCUUAGCCCAGGGGUUGCAGUGCGGUGAC,GUAUGGGUCCUUUGGCUCACUAAAUGGUAGUCAUAC,GUUCCUGCGCUUGCCUUCCGGCAAUGCUGGGGGAAC,GUAAUAGUAGAUUAACAUGUUAGUGCUCAGUGUUGC,,-19.660186767578125,-11.27911376953125,-11.157355308532715,-15.375737190246582,-8.850834846496582,-19.712398529052734,-13.5201416015625,-9.423763275146484,-17.85712432861328,-5.728848457336426,,0.26018714904785156,1.0791139602661133,0.2573556900024414,0.07573699951171875,0.5508346557617188,0.11239814758300781,0.12014198303222656,0.22376346588134766,0.15712356567382812,0.22884845733642578,,0,0,0,0,0,0,0,0,0,0,,0,0,0,0,0,0,0,0,0,0,,0.0,0.0,0.0,0.0,0.0,0.0,0.0,0.0,0.0,0.0,,0.0,0.07099999999999995,0.0,0.0,0.0,0.0,0.0,0.0,0.0,0.0,,0.0,0.138,0.0,0.0,0.0,0.0,0.0,0.0,0.0,0.0,,0,0,0,0,0,0,0,0,0,0,,134.444,150.0,118.889,10.0,103.333,56.667,41.111,25.556,87.778,72.222,,0.26018714904785156,1.0791139602661133,0.2573556900024414,0.07573699951171875,0.5508346557617188,0.11239814758300781,0.12014198303222656,0.22376346588134766,0.15712356567382812,0.22884845733642578,
5900,GAAUGCUCGAACAUUGGAAAGUGUCUCAGUGCAUUC,GAUGGCAGGGAGGCUGGAAAGUUUACCGCAGCCAUC,UUCAGUUCCUGGCCCCAUGGGGCCGAGCGCACUGGA,GGUCUGUCCGAGGUCUAUUGAUCUGCGCGUCAGACC,CGCUGUUCUGGAGUCCAUGGAUUCGCGUGCGCAGCG,CAGCGUUCCGUGCUCUAUCGGGCGUCGUGUAUGUUG,GGCAAUUGCUUAAUCCAUGGGUUGCAGACCGUUGCC,GUGUACGUCCUUAAGGGGACUUAGUGGUAGGUAUAC,GCGGGUGGGCUUGUGACCCCACAACGCAUGACUCGU,GGCUAUGUAGGGUCGUGGUUGGCCACUCAGAUAGCC,,-12.347211837768555,-16.447492599487305,-18.826919555664062,-17.163970947265625,-15.3847017288208,-12.097399711608887,-11.7644681930542,-14.140193939208984,-14.156722068786621,-15.179920196533203,,0.44721221923828125,0.8474922180175781,0.7269191741943359,0.06397056579589844,0.6847019195556641,0.39739990234375,0.46446800231933594,0.14019393920898438,0.3567218780517578,0.2799205780029297,,0,0,0,0,0,0,0,0,0,0,,0,0,0,0,0,0,0,0,0,0,,0.0,0.0,0.0,0.0,0.0,0.0,0.0,0.0,0.0,0.0,,0.0,0.21399999999999997,0.0,0.0,0.0,0.0,0.0,0.0,0.0,0.0,,0.0,0.32999999999999996,0.0,0.0,0.0,0.0,0.0,0.0,0.0,0.0,,0,0,0,0,0,0,0,0,0,0,,150.0,134.444,103.333,10.0,118.889,41.111,56.667,25.556,72.222,87.778,,0.44721221923828125,0.8474922180175781,0.7269191741943359,0.06397056579589844,0.6847019195556641,0.39739990234375,0.46446800231933594,0.14019393920898438,0.3567218780517578,0.2799205780029297,
6000,CGGUUCUCACACCAAGAUAUUGGUCGUCGUGAGCUG,UAGGUCAGGGAUACUAGAGAGUAUACCGCAGAUCUG,CUUUGCUCCUGGUGCUGUCGUACCUAGUGCGCGAAG,GGUCUGUCCGACCGGUAUUCUGGUACGUGUCAGACC,UCCAAAACCGGUUUAUUCCUAAAUGCGUGCUUUGGA,GCUCCCUCCGGGAUGCCUACGUCCUCGCGCGGGAGC,CUCAUGCGCUUGUAGCCAGCUGCACGGACACGUGAG,GCCUGUGUCCGGUAGGGCUCUGCCAGGUAGACAGGC,CUUCAGGCACUUGUCUUAAGACGACGUAGGUUGAAG,UCCAUAGUACCGCUGUAGUCAGCGUGUCAGUAUGGA,,-12.494415283203125,-11.170577049255371,-13.990642547607422,-18.276830673217773,-7.325444221496582,-20.096242904663086,-12.991706848144531,-18.623966217041016,-11.407938957214355,-15.46311092376709,,0.39441490173339844,1.2705774307250977,0.1906423568725586,0.07682991027832031,0.5254440307617188,0.1962432861328125,0.19170665740966797,0.12396621704101562,0.10793876647949219,0.2631111145019531,,0,0,0,0,0,0,0,0,0,0,,0,0,0,0,0,0,0,0,0,0,,0.0,0.0,0.0,0.0,0.0,0.0,0.0,0.0,0.0,0.0,,0.0,0.21399999999999997,0.0,0.0,0.0,0.0,0.0,0.0,0.0,0.0,,0.0,0.32999999999999996,0.0,0.0,0.0,0.0,0.0,0.0,0.0,0.0,,0,0,0,0,0,0,0,0,0,0,,150.0,134.444,87.778,10.0,118.889,25.556,72.222,41.111,56.667,103.333,,0.39441490173339844,1.2705774307250977,0.1906423568725586,0.07682991027832031,0.5254440307617188,0.1962432861328125,0.19170665740966797,0.12396621704101562,0.10793876647949219,0.2631111145019531,
6100,AAUAGCUCCCCGUAAGAGAUUGCGCGGUGUGCUAUU,GCAGGGACGCCGGACGACGGUCUGUGCUGAUUUUGC,CGGUGCUCCUUGAGCGGUCGUUCAUAGCGCGCGCUG,GGUGAGUCCACGAUCUGGGGAUCGCUGAGUCUUACC,UAUCAGACUGAAGUAUAUCUACUUGCAUGCCUGGUA,GGUUCCUCCGGGAUGCAUACGUCCUCGUGCGGAACC,UCGUCGCGCUGGAGGCCCGCUUCCUGGACACGACGA,ACUAAUGUCGCCGGGCCCUCUUGGAUGUAGGUUAGU,CUUAGGGGACGUCUCUGACGAGGCUGUACGUCUAAG,AUGGCCGUACCGUCAUGAGUGACGUGUCAGGGCCAU,,-13.735343933105469,-12.486881256103516,-13.931971549987793,-15.17770767211914,-8.32668399810791,-17.71025848388672,-16.556005477905273,-9.216647148132324,-12.740324974060059,-17.64884376525879,,0.535344123840332,0.8868808746337891,0.43197154998779297,0.07770729064941406,0.6266841888427734,0.21025848388671875,0.3560047149658203,0.5166473388671875,0.14032459259033203,0.6488437652587891,,0,0,0,0,0,0,0,0,0,0,,0,0,0,0,0,0,0,0,0,0,,0.0,0.0,0.0,0.0,0.0,0.0,0.0,0.0,0.0,0.0,,0.0,0.0,0.0,0.0,0.0,0.0,0.0,0.0,0.0,0.0,,0.0,0.0,0.0,0.0,0.0,0.0,0.0,0.0,0.0,0.0,,0,0,0,0,0,0,0,0,0,0,,134.444,150.0,72.222,10.0,103.333,25.556,87.778,56.667,41.111,118.889,,0.535344123840332,0.8868808746337891,0.43197154998779297,0.07770729064941406,0.6266841888427734,0.21025848388671875,0.3560047149658203,0.5166473388671875,0.14032459259033203,0.6488437652587891,
6200,GUCGGGUCUCUUUAUGGUGAUGGAUGAUGUCCUGAC,GGUCUCCGCUUGAAGAAAUCUUUACAGUCAGAGACC,UUGGGUUCCGGGUUGACUCCGAUCGCGUGCACUCGA,GCUCAGUCCGAGCGGUCUACCGCUACGUGUCUGAGC,GAGAAGACUGAUUUGUGAUCAAGUGCAUGACUUUUC,GCGGUCUCCGUGUGCAAUCGCACGUCGUGCGACCGC,GGCACGCGCUUAGUCCCCGGGCUGCAGACACGUGCC,GUAUGGGUCCGUGGGGCCUCUCACAGGUAGUCAUAC,GUUCGUGCACUUGUCUUAAGACAACGUAGGGCGAAC,AGUGCCGUACCCGGAUCAGUUCGGUGUUAGGGCACU,,-10.523558616638184,-13.270835876464844,-10.416596412658691,-20.875947952270508,-6.7597880363464355,-19.38018798828125,-17.522790908813477,-12.788253784179688,-13.977245330810547,-17.26383399963379,,0.42355823516845703,0.6708354949951172,0.6165962219238281,0.07594871520996094,0.3597879409790039,0.08018875122070312,0.12279129028320312,0.18825340270996094,0.07724571228027344,0.9638347625732422,,0,0,0,0,0,0,0,0,0,0,,0,0,0,0,0,0,0,0,0,0,,0.0,0.03700000000000003,0.0,0.0,0.0,0.0,0.0,0.0,0.0,0.03700000000000003,,0.0,0.07099999999999995,0.0,0.0,0.0,0.0,0.0,0.0,0.0,0.07099999999999995,,0.0,0.22799999999999998,0.0,0.0,0.0,0.0,0.0,0.0,0.0,0.22799999999999998,,0,0,0,0,0,0,0,0,0,0,,118.889,150.0,56.667,10.0,87.778,41.111,103.333,72.222,25.556,134.444,,0.42355823516845703,0.6708354949951172,0.6165962219238281,0.07594871520996094,0.3597879409790039,0.08018875122070312,0.12279129028320312,0.18825340270996094,0.07724571228027344,0.9638347625732422,
