sequence,scoring_function,replica_num,temp_shelf,sim_step,edesired_minus_Epf,Epf,edesired,mcc,mfe_ss,subopt_e,esubopt_minus_Epf,sln_Epf,MFE,edesired_minus_MFE,recall,precision,edesired2,edesired2_minus_Epf,oligo_fraction,monomer_bonus
CGGCCGACGGGCCCGGAAACGGGCACCAGACGGCCG,0.4101909369210839,1,10,0,0.4100837707519531,-25.110084533691406,-24.700000762939453,0.0,((((((.((((((((....))))).)).).)))))),0,0,0,0,0,0.0,0.0,0,0,0.00017386239386141256,0.00010716616913077713
CGGCCGACGGGCCCGGAAACGGGCACCAGACGGCCG,0.4101909369210839,2,25.556,0,0.4100837707519531,-25.110084533691406,-24.700000762939453,0.0,((((((.((((((((....))))).)).).)))))),0,0,0,0,0,0.0,0.0,0,0,0.00017386239386141256,0.00010716616913077713
CGGCCGACGGGCCCGGAAACGGGCACCAGACGGCCG,0.4101909369210839,3,41.111,0,0.4100837707519531,-25.110084533691406,-24.700000762939453,0.0,((((((.((((((((....))))).)).).)))))),0,0,0,0,0,0.0,0.0,0,0,0.00017386239386141256,0.00010716616913077713
CGGCCGACGGGCCCGGAAACGGGCACCAGACGGCCG,0.4101909369210839,4,56.667,0,0.4100837707519531,-25.110084533691406,-24.700000762939453,0.0,((((((.((((((((....))))).)).).)))))),0,0,0,0,0,0.0,0.0,0,0,0.00017386239386141256,0.00010716616913077713
CGGCCGACGGGCCCGGAAACGGGCACCAGACGGCCG,0.4101909369210839,5,72.222,0,0.4100837707519531,-25.110084533691406,-24.700000762939453,0.0,((((((.((((((((....))))).)).).)))))),0,0,0,0,0,0.0,0.0,0,0,0.00017386239386141256,0.00010716616913077713
CGGCCGACGGGCCCGGAAACGGGCACCAGACGGCCG,0.4101909369210839,6,87.778,0,0.4100837707519531,-25.110084533691406,-24.700000762939453,0.0,((((((.((((((((....))))).)).).)))))),0,0,0,0,0,0.0,0.0,0,0,0.00017386239386141256,0.00010716616913077713
CGGCCGACGGGCCCGGAAACGGGCACCAGACGGCCG,0.4101909369210839,7,103.333,0,0.4100837707519531,-25.110084533691406,-24.700000762939453,0.0,((((((.((((((((....))))).)).).)))))),0,0,0,0,0,0.0,0.0,0,0,0.00017386239386141256,0.00010716616913077713
CGGCCGACGGGCCCGGAAACGGGCACCAGACGGCCG,0.4101909369210839,8,118.889,0,0.4100837707519531,-25.110084533691406,-24.700000762939453,0.0,((((((.((((((((....))))).)).).)))))),0,0,0,0,0,0.0,0.0,0,0,0.00017386239386141256,0.00010716616913077713
CGGCCGACGGGCCCGGAAACGGGCACCAGACGGCCG,0.4101909369210839,9,134.444,0,0.4100837707519531,-25.110084533691406,-24.700000762939453,0.0,((((((.((((((((....))))).)).).)))))),0,0,0,0,0,0.0,0.0,0,0,0.00017386239386141256,0.00010716616913077713
CGGCCGACGGGCCCGGAAACGGGCACCAGACGGCCG,0.4101909369210839,10,150.0,0,0.4100837707519531,-25.110084533691406,-24.700000762939453,0.0,((((((.((((((((....))))).)).).)))))),0,0,0,0,0,0.0,0.0,0,0,0.00017386239386141256,0.00010716616913077713
GCGUCAACCACGUUAGUCAUAACGAUGCGAUGGCGC,0.12233556397720026,1,10,100,0.12146186828613281,-13.22146224975586,-13.100000381469727,0.0,((((((.((((((((....))))).)).).)))))),0,0,0,0,0,0.0,0.0,0,0,0.0014165702378460265,0.0008736956910674485
CCUGGCACCGACUGUGGAAACGGUACGCGAGCCAGG,0.1516878643342955,2,25.556,100,0.15141677856445312,-17.75141716003418,-17.600000381469727,0.0,((((((.((((((((....))))).)).).)))))),0,0,0,0,0,0.0,0.0,0,0,0.00043974095966281546,0.0002710857698424004
GAGGCCAGAGAGAGGGGAACCUUUACUACCGGCUUC,0.24354578461046933,3,56.667,100,0.24324512481689453,-15.043245315551758,-14.800000190734863,0.0,((((((.((((((((....))))).)).).)))))),0,0,0,0,0,0.0,0.0,0,0,0.00048770267240727527,0.0003006597935748048
GUGUUAACAGGAGACUGGCGUCUCACUAGCUAGCAC,0.20923471537926688,4,41.111,100,0.20578956604003906,-12.505789756774902,-12.300000190734863,0.0,((((((.((((((((....))))).)).).)))))),0,0,0,0,0,0.0,0.0,0,0,0.005574173987748177,0.0034451493392278127
CCCUCCGCAGAUAGGGGAACCUAUACUCGAGGAGGG,0.32739703328571845,5,87.778,100,0.32729148864746094,-18.527292251586914,-18.200000762939453,0.0,((((((.((((((((....))))).)).).)))))),0,0,0,0,0,0.0,0.0,0,0,0.00017123190792434073,0.00010554463825752481
CAUUAGAGCUAUGAGACGACUUAUCAGACACUAGUG,0.23278914591457237,6,72.222,100,0.18383216857910156,-6.983832359313965,-6.800000190734863,0.0,((((((.((((((((....))))).)).).)))))),0,0,0,0,0,0.0,0.0,0,0,0.07635998608334649,0.0489569773354708
GACUGGAGACCAUUCACCGGGAUGCGUACGCCAGUC,0.14055839870070966,7,118.889,100,0.10448265075683594,-14.4044828414917,-14.300000190734863,0.0,((((((.((((((((....))))).)).).)))))),0,0,0,0,0,0.0,0.0,0,0,0.056852917715995877,0.036075747943873714
CUGGGGGGGCGUUUGUUACCAAACAGCACGUCCCAG,0.14072781611137872,8,103.333,100,0.13676834106445312,-16.836769104003906,-16.700000762939453,0.0,((((((.((((((((....))))).)).).)))))),0,0,0,0,0,0.0,0.0,0,0,0.006403671592942861,0.003959475046925602
CAGAUGACGGGCCUCGUGUGGGGUACUAGACAUUUG,1.1999050192136058,9,150.0,100,1.1881465911865234,-10.28814697265625,-9.100000381469727,0.244,((((((.(..(((((....)))))....).)))))),0,0,0,0,0,0.14300000000000002,0.0,0,0,0.018897258389515836,0.011758428027082343
GUUUAUAGGCAUCCUAGAAAGGAUCGCGCGAUAAAU,0.7517579720763206,10,134.444,100,0.7367897033691406,-9.636789321899414,-8.899999618530273,0.0,((((((.((((((((....))))).)).).)))))),0,0,0,0,0,0.0,0.0,0,0,0.023993538189776897,0.014968268707179976
GUGUCGACCGCUCGUGACAACGAGACGCGCCGGCAC,0.10175784623621563,1,10,200,0.10143852233886719,-16.80143928527832,-16.700000762939453,0.0,((((((.((((((((....))))).)).).)))))),0,0,0,0,0,0.0,0.0,0,0,0.0005179700233070017,0.0003193238973484414
CCAUCUACCACUUCCCAUUGGAGGAUGCGAAGGUGG,0.14398365657966491,2,25.556,200,0.1370401382446289,-12.937040328979492,-12.800000190734863,0.0,((((((.((((((((....))))).)).).)))))),0,0,0,0,0,0.0,0.0,0,0,0.011202661998164998,0.006943518335035996
CUUAUUACCACGACCGGCAGGUCGAUGUGAAAUAAG,0.37414131014585145,3,72.222,200,0.35808849334716797,-12.458088874816895,-12.100000381469727,0.0,((((((.((((((((....))))).)).).)))))),0,0,0,0,0,0.0,0.0,0,0,0.025709490280928504,0.016052816798683475
GCCGGGACUGGACAGAGGCCUGUCACACGACCUGGC,0.26470672451169797,4,41.111,200,0.22542190551757812,-17.525421142578125,-17.299999237060547,0.0,((((((.((((((((....))))).)).).)))))),0,0,0,0,0,0.0,0.0,0,0,0.06175086748626135,0.03928481899411986
CGUACUCUGCCCCGCGUCAGCGGGAGCCAAAGUGCG,0.9967947005648633,5,103.333,200,0.9965763092041016,-19.596576690673828,-18.600000381469727,0.138,((((((..(((((((....))))).))...)))))),0,0,0,0,0,0.07099999999999995,0.0,0,0,0.0003542780272395296,0.00021839136076172647
CGGCAGAGCUAGGUAACGAUAUCUCAGACGCUGUCG,0.4102188430128971,6,56.667,200,0.29007816314697266,-11.190077781677246,-10.899999618530273,0.0,((((((.((((((((....))))).)).).)))))),0,0,0,0,0,0.0,0.0,0,0,0.17710667322822804,0.12014067986592449
GAGGGGAGGAUAAUCAUUGGGUUACUCACGUCCUUC,0.17968339886321244,7,134.444,200,0.17765522003173828,-10.377655029296875,-10.199999809265137,0.0,((((((.((((((((....))))).)).).)))))),0,0,0,0,0,0.0,0.0,0,0,0.003285319219076044,0.002028178831474168
GUAGAGGUUGUGACCCAAAGGUCGUCAUAGUUCUAC,0.4263175948051891,8,87.778,200,0.4257230758666992,-12.325722694396973,-11.899999618530273,0.0,((((((.((((((((....))))).)).).)))))),0,0,0,0,0,0.0,0.0,0,0,0.0009641441123248162,0.0005945189384898826
GAGAUCGGGGCUCGUUUCCGCGAGACCAUGGAUCUC,0.2260607687438742,9,150.0,200,0.2252044677734375,-17.12520408630371,-16.899999618530273,0.0,((((((.((((((((....))))).)).).)))))),0,0,0,0,0,0.0,0.0,0,0,0.001388386820805776,0.0008563009704367075
CUGCGAGGGACUCACUCCAGUGGGAUCGCGUCGCAG,0.5046726866445554,10,118.889,200,0.3508186340332031,-17.750818252563477,-17.399999618530273,0.0,((((((.((((((((....))))).)).).)))))),0,0,0,0,0,0.0,0.0,0,0,0.22091005294312982,0.15385405261135238
